sitenumber,sitename,depth,cal age,beech,birch,chestnut,hemlock,hickory,maple,oak,pine,spruce,other
1,aino,1,-41.4618,22,162,2,38,6,18,139,82,10,30
1,aino,3,-34.3854,39,160,5,64,2,18,121,62,10,43
1,aino,5,-27.309,43,187,5,46,8,27,92,71,14,39
1,aino,7,-20.2326,26,164,8,57,8,15,153,74,11,33
1,aino,9,-13.1562,37,187,11,57,1,17,115,75,12,39
1,aino,11,-6.0798,38,151,5,50,2,11,112,93,11,38
1,aino,13,0.9966,26,191,9,49,5,28,113,73,6,52
1,aino,15,8.073,46,187,6,26,2,17,141,77,11,42
1,aino,17,15.1494,32,199,11,50,0,14,124,65,13,57
1,aino,19,22.2258,43,207,11,44,3,17,98,83,10,45
1,aino,21,29.3022,49,194,11,57,2,12,107,71,21,43
1,aino,23,36.3786,26,187,9,61,2,20,122,85,13.5,39.5
1,aino,25,43.455,29,194,11,63,5,17,98,82,12,39
1,aino,27,50.5314,46,164,12,47,3,25,103,100,11,38
1,aino,29,57.6078,40,162,10,46,8,15,92,96,8,33
1,aino,31,64.6842,34,188,11,47,3,12,115,79,22,49
1,aino,33,71.7606,38,179,6,40,3,24,106,100,18,43
1,aino,35,98.425,43,144,12,60,0,22,116,106,12.5,34.5
1,aino,37,144.659,44,138,3,98,5,14,80,117,21.5,39.5
1,aino,39,190.893,38,125,15,89,5,23,175,109,10.5,31.5
1,aino,41,226.021,65,90,11,95,5,28,104,82,10,41
1,aino,43,250.063,50,129,20,95,3,12,96,93,19,51
1,aino,45,274.105,67,151,5,87,5,8,101,86,17,41
1,aino,47,298.147,69,104,17,95,5,15,107,54,21,50
1,aino,49,322.189,61,133,5,118,3,13,95,79,14,41
1,aino,51,346.231,67,138,3,92,8,14,115,61,9,32
1,aino,53,370.273,60,147,8,96,5,18,92,66,16,39
1,aino,55,394.315,58,132,11,113,2,10,99,63,39,65
1,aino,57,418.357,63,121,12,115,0,22,90,75,11,40
1,aino,59,442.399,64,130,12,122,0,17,75,42,21,56
1,aino,61,466.441,61,147,6,93,9,11,92,93,18,45
1,aino,63,490.483,93,113,6,84,6,8,73,75,26.5,56.5
1,aino,65,514.525,78,181,0,77,2,18,73,59,21.5,54.5
1,aino,67,538.567,81,138,8,115,5,8,80,74,25.5,58.5
1,aino,69,562.609,89,132,8,142,3,17,66,59,30,55
1,aino,71,586.651,92,125,6,122,9,11,69,63,19,44
1,aino,73,610.693,107,115,3,115,0,20,52,54,34,62
1,aino,75,634.735,67,115,9,118,3,23,54,77,26.5,51.5
1,aino,77,658.777,110,104,5,107,3,22,63,59,13.5,45.5
1,aino,79,685.257,122,96,2,124,5,6,64,54,35.5,47.5
1,aino,81,714.223,107,129,12,98,6,15,84,57,19.5,43.5
1,aino,83,743.189,113,109,3,115,3,14,80,45,23.5,48.5
1,aino,85,772.155,119,107,3,114,2,9,65,59,20,45
1,aino,87,801.121,104,128,5,110,6,10,70,45,20.5,39.5
1,aino,89,830.087,98,93,6,116,3,17,78,59,35.5,53.5
1,aino,91,858.728,116,115,3,119,11,13,64,48,24.5,41.5
1,aino,93,887.064,86,88,6,166,6,8,91,39,24.5,38.5
1,aino,102,1014.576,110,88,2,147,5,21,78,46,12,30
1,aino,104,1042.912,119,86,2,141,5,17,70,44,18.5,37.5
1,aino,106,1071.248,102,84,3,119,6,23,76,50,39,57
1,aino,108,1099.584,112,82,0,149,5,14,78,47,18,35
1,aino,110,1142.12,110,83,3,129,6,11,90,46,26,50
1,aino,112,1198.584,132,98,5,114,10,15,78,26,20.5,40.5
1,aino,114,1255.048,99,110,6,116,6,10,93,43,18,37
1,aino,116,1311.512,110,104,7,113,3,16,75,42,33,58
1,aino,118,1367.976,113,92,5,150,2,14,63,43,28,48
1,aino,120,1424.44,111,101,2,121,7,11,75,47.5,7.5,23.5
1,aino,124,1537.368,145,77,3,102,10,17,63,48.5,13,28
1,aino,128,1650.296,159,87,1,103,5,9,63,38.5,10,23
1,aino,132,1763.224,141,79,1,129,5,9,54,44,9.5,24.5
1,aino,136,1876.152,123,78,1,142,4,6,69,54.5,15.5,29.5
1,aino,140,1989.08,126,71,0,149,7,14,58,71.5,5.5,23.5
1,aino,144,2102.008,108,75,0,159,4,11,64,71,12,34
1,aino,148,2214.936,135,95,2,128,6,15,83,58,5,23
1,aino,152,2327.864,106,90,3,169,4,15,69,53,6,25
1,aino,156,2440.792,111,87,4,126,2,15,76,49.5,11.5,30.5
1,aino,160,2553.72,116,96,1,124,6,16,66,55,6,25
1,aino,164,2666.648,111,107,2,143,2,17,73,67.5,7,22
1,aino,168,2779.576,128,79,0,141,6,6,60,51.5,4,24
1,aino,172,2892.504,121,98,1,113,13,10,69,57.5,5,28
1,aino,176,3005.432,131,77,0,138,4,16,55,44,5.5,26.5
1,aino,180,3118.36,131,75,2,116,7,12,73,70.5,3,19
1,aino,184,3231.288,143,85,0,157,6,11,58,61.5,3,13
1,aino,188,3344.216,150,78,0,131,5,17,66,84.5,3,25
1,aino,200,3683,144,59,1,128,3,18,63,69,5,15
1,aino,204,3795.928,132,52,1,126,6,11,62,82.5,3,19
1,aino,208,3908.856,140,53,1,126,5,13,60,65.5,5.5,16.5
2,benson,0,-54,44,135,0,52,13,16,77,38.5,2,59
2,benson,5,7,35,126,3,32,10,13,53,29,1.5,29
2,benson,10,68,52,159,1,45.5,8,15,62,20.5,5,36
2,benson,15,129,61,182,5,85,12,24,115,28,2,52
2,benson,20,190,75,129,4,97,14,21,63,16.5,2,39
2,benson,25,374.265,45,130,5,119,11,11,110,14,1,35
2,benson,30,558.53,109,140,4,155.5,17,16,77,16.5,4,34.5
2,benson,40,927.06,92,111,3,158.5,19,15,50,20,3,22
2,benson,50,1295.59,67,150,4,142,17,12,79,27,1.5,25
2,benson,60,1664.12,87,83,1,165.5,14,20,67,13,1,29
2,benson,70,2032.65,109,98,0,128.5,9,20,68,19.5,0.5,26
2,benson,80,2401.18,94,103,3,156,2,20,61,17,3,37
2,benson,90,2708.74,62,117,3,163,20,20,50,19,7,51
2,benson,100,2975.69,98,92,1,123.5,10,21,55,24.5,2.5,19
3,BerryW,0,-51,28,167,4,26,19,16,140,53,6,52
3,BerryW,4,-41.25,44,160,1,20,13,8,153,44.5,2,43
3,BerryW,8,-31.5,44,149,4,35,6,19,132,61.5,6.5,58
3,BerryW,12,-21.75,36,155,0,27,13,11,123,59,11.5,60
3,BerryW,16,-12,37,149,5,22,9,19,136,56,3,41
3,BerryW,20,-2.25,44,157,4,16,9,32,138,45,4.5,55
3,BerryW,24,7.5,59,151,5,21,11,14,132,44.5,6,57
3,BerryW,28,17.25,34,163,7,22,14,12,99,54,4,63
3,BerryW,32,27,44,153,19,36,6,15,95,26,3,74
3,BerryW,36,36.75,57,172,5,32,8,13,116,41.5,7.5,80
3,BerryW,40,46.5,45,155,17,24,12,4,107,44.5,7,45
3,BerryW,44,56.25,56,137,17,33,9,11,95,34.5,13,38
3,BerryW,48,66,62,149,7,34,4,26,156,46,10,36
3,BerryW,52,75.75,67,140,7,33,5,16,116,45.5,9.5,24
3,BerryW,56,85.5,76,147,13,44,13,17,108,72.5,10.5,79
3,BerryW,60,95.25,79,137,8,40,12,10,99,52.5,8.5,28
3,BerryW,64,105,72,156,28,43,8,21,130,43.5,8.5,44
3,BerryW,68,114.75,77,174,15,39,9,9,91,34.5,4,23
3,BerryW,72,124.5,79,136,11,30,7,16,111,36,6.5,37
3,BerryW,76,134.25,72,161,34,33,11,13,87,27,4,42
3,BerryW,80,144,55,148,24,32,6,13,112,47.5,2.5,43
3,BerryW,84,153.75,64,125,1,50,10,20,125,49,0,29
3,BerryW,88,163.5,57,150,23,35,18,9,142,39.5,7.5,48
3,BerryW,92,173.25,53,175,11,28,7,16,136,19.5,2.5,24
3,BerryW,96,183,58,136,8,31,6,19,125,48,7,52
3,BerryW,100,224.14,77,184,12,34,7,8,127,44,4,39
3,BerryW,104,265.252,65,155,41,33,6,20,129,48,4,42
3,BerryW,108,306.364,67,147,22,31,20,13,81,28.5,3.5,33
3,BerryW,112,347.476,39,149,32,37,13,22,116,41.5,5.5,58
3,BerryW,116,388.588,83,181,21,35,12,15,108,35.5,4.5,48
3,BerryW,120,429.7,94,126,25,27,8,22,126,29,4,72
3,BerryW,124,470.812,102,152,29,31,8,20,111,23,6,32
3,BerryW,128,511.924,64,142,23,57,9,17,106,27.5,5.5,45
3,BerryW,132,553.036,102,146,30,42,7,16,71,27,2,31
3,BerryW,136,594.148,72,98,20,46,14,27,153,36.5,4,61
3,BerryW,140,635.26,95,149,10,26,15,20,98,22.5,4,59
3,BerryW,144,676.372,98,166,20,32,24,14,150,22,3,54
3,BerryW,148,717.484,94,151,15,33,14,12,142,17.5,2,40
3,BerryW,152,758.596,89,128,18,40,15,25,142,28,2.5,68
3,BerryW,156,799.708,121,148,14,33,18,12,98,23,5,44
3,BerryW,160,840.82,84,127,29,33,15,22,158,22.5,4.5,35
3,BerryW,164,881.932,89,148,13,22,14,29,102,24.5,4,38
3,BerryW,168,923.044,102,119,6,33,10,19,163,36,2,63
3,BerryW,172,964.156,145,176,18,61,13,35,145,27,4,57
3,BerryW,176,1005.268,159,106,10,45,14,8,85,35,0,43
3,BerryW,180,1046.38,149,113,19,45,14,16,115,26,2,37
3,BerryW,183,1077.214,137,107,4,49,23,17,85,20.5,2,39
3,BerryW,184,1087.492,119,147,7,22,12,16,97,24,2,53
3,BerryW,188,1128.604,138,142,10,25,18,17,75,19.5,1,24
3,BerryW,192,1169.716,167,111,4,35,7,10,65,27,2,29
3,BerryW,196,1210.828,171,139,9,39,10,16,71,16.5,1,33
3,BerryW,200,1251.94,130,112,11,35,14,22,104,36,0,42
3,BerryW,204,1293.052,154,163,9,30,9,14,84,19.5,0,49
3,BerryW,208,1334.164,152,111,8,39,17,17,81,33,0,19
3,BerryW,212,1375.276,168,141,5,36,22,22,95,21,3,46
3,BerryW,216,1416.388,133,121,5,35,24,24,106,34,1,41
3,BerryW,220,1457.5,171,107,6,35,11,19,70,23,1,43
3,BerryW,224,1498.612,151,144,5,38,28,23,82,22,1,40
3,BerryW,228,1539.724,157,126,7,21,18,29,98,29,0,36
3,BerryW,232,1580.836,154,124,7,26,17,10,99,14,0,35
3,BerryW,236,1621.948,206,81,6,42,16,21,78,29.5,0,29
3,BerryW,240,1663.06,166,84,9,46,25,15,86,36,0,38
3,BerryW,244,1704.172,204,114,3,22,19,19,103,24,1,29
3,BerryW,248,1745.284,138,114,5,32,20,16,82,32,2.5,29
3,BerryW,252,1786.396,141,108,5,24,14,25,105,37.5,0.5,45
3,BerryW,256,1827.508,140,102,5,35,33,25,95,28,0.5,50
3,BerryW,260,1868.62,130,100,4,27,20,28,126,37,0,44
3,BerryW,264,1909.732,138,116,1,38,19,22,90,25.5,1,43
3,BerryW,268,1950.844,160,127,3,21,11,39,86,34,1,25
3,BerryW,272,1991.956,149,108,0,15,11,20,103,34.5,0.5,48
3,BerryW,276,2033.068,185,100,3,22,15,30,95,30,0,27
3,BerryW,280,2074.18,187,98,7,13,7,21,93,32,0,31
3,BerryW,306,2341.408,146,113,3,18,18,40,123,46.5,1,48
3,BerryW,310,2382.52,104,117,3,14,23,28,155,38,0,36
3,BerryW,314,2423.632,126,123,0,10,16,28,159,45,0,32
3,BerryW,318,2464.744,120,82,1,11,12,19,136,45.5,1.5,51
3,BerryW,322,2505.856,149,97,5,11,9,27,108,42.5,1,37
3,BerryW,326,2546.968,169,108,2,18,14,22,132,42.5,1,52
3,BerryW,330,2588.08,133,86,2,12,12,32,135,32.5,0,51
3,BerryW,334,2629.192,136,86,0,15,15,26,136,43,0,47
3,BerryW,338,2670.304,133,115,2,9,19,17,134,25.5,0,38
3,BerryW,342,2711.416,149,88,3,12,11,18,128,39,0,45
3,BerryW,346,2752.528,148,121,1,15,17,24,136,33.5,0,38
3,BerryW,350,2793.64,175,103,0,14,11,22,132,41,0,29
3,BerryW,354,2834.752,181,97,1,12,19,26,121,30,0,27
3,BerryW,358,2875.864,152,96,0,6,18,21,134,18.5,0,37
3,BerryW,362,2916.976,169,126,0,12,18,27,126,41.5,0,40
3,BerryW,366,2958.088,173,126,0,9,16,29,142,32.5,0,39
4,Blood,1,-47.0139,15,132,15,16,22,13,169,69,4,32
4,Blood,2,-43.0278,5,70,3,12,18,9,108,55,1,17
4,Blood,4,-35.0556,14,114,4,12,14,14,167,62,1,22
4,Blood,6,-27.0834,2,76,3,13,16,6,113,62,3,21
4,Blood,8,-19.1112,13,83,12,43,20,11,164,73,8,27
4,Blood,10,-11.139,1,60,1,16,13,4,91,47,2,15
4,Blood,12,-3.1668,14,126,5,25,24,14,173,68,5,30
4,Blood,14,4.8054,17,118,11,12,23,11,163,75,5,26
4,Blood,16,12.7776,15,105,8,21,16,11,189,83,2,53
4,Blood,18,20.7498,16,109,5,20,18,14,185,80,4,42
4,Blood,20,28.722,10,115,5,13,21,8,196,72,2,40
4,Blood,22,36.6942,16,117,3,17,20,14,209,77,5,43
4,Blood,24,44.6664,8,111,14,19,21,17,215,95,3,49
4,Blood,26,52.6386,8,112,5,9,13,21,200,81,9,41
4,Blood,28,60.6108,8,128,4,24,12,7,169,93,4,57
4,Blood,30,68.583,15,104,6,27,19,12,158,74,3,33
4,Blood,32,76.5552,13,117,12,33,13,26,206,79,5,51
4,Blood,34,84.5274,9,95,7,21,18,8,163,81,4,22
4,Blood,36,92.4996,18,100,5,21,26,12,171,70,7,37
4,Blood,38,100.4718,21,91,7,44,29,12,166,83,3,24
4,Blood,40,108.444,16,104,23,18,14,12,182,66,3,48
4,Blood,44,124.3884,17,109,15,19,20,10,150,92,8,24
4,Blood,52,156.2772,20,98,17,33,12,7,173,115,8,23
4,Blood,56,172.2216,20,79,16,22,13,7,161,89,5,43
4,Blood,60,188.166,31,84,12,47,16,8,196,114,4,31
4,Blood,64,204.1104,20,66,19,18,18,8,174,86,9,40
4,Blood,72,235.9992,17,81,10,35,17,11,215,71,6,20
4,Blood,80,424,25,69,4,44,22,5,234,64,0,29
4,Blood,88,612,34,79,10,34,30,8,225,77,7,30
4,Blood,96,768.406,39,105,17,66,20,10,216,88,4,29
4,Blood,104,872.214,47,104,17,53,20,12,229,110,4,41
4,Blood,112,976.022,50,100,21,35,0,9,171,100,3,26
4,Blood,120,1079.83,75,86,8,37,22,6,208,132,2,29
4,Blood,128,1183.638,50,93,2,55,13,8,202,108,3,30
4,Blood,136,1287.446,46,82,4,44,17,6,193,103,2,27
4,Blood,144,1410.526,36,91,3,46,27,8,211,101,3,25
4,Blood,152,1531.398,56,98,1,52,16,5,192,85,2,26
4,Blood,160,1652.27,66,110,4,48,21,6,172,100,2,40
4,Blood,168,1773.142,94,114,2,53,15,4,164,85,1,27
4,Blood,176,1894.014,77,116,3,45,25,13,194,106,0,31
4,Blood,180,1954.45,66,57,3,40,17,11,198,78,2,22
4,Blood,188,2158.016,74,54,2,40,16,17,283,68,0,39
4,Blood,196,2373.472,95,47,2,38,26,7,233,54,1,27
4,Blood,204,2588.928,84,65,1,32,21,12,262,46,0,24
4,Blood,212,2804.384,50,53,1,30,23,8,281,41,0,38
4,Blood,220,3019.84,41,39,2,26,30,11,302,39,0,39
4,Blood,224,3127.568,35,41,2,23,22,10,302,38,1,34
4,Blood,240,3306.68,53,48,2,22,28,15,248,44,0,32
4,Blood,248,3387.824,57,54,1,33,19,10,260,47,0,32
4,Blood,256,3468.968,57,67,2,27,33,18,317,57,0,44
4,Blood,260,3509.54,47,39,0,8,21,6,303,34,0,24
4,Blood,264,3567.85,39,47,0,15,18,8,301,29,0,38
4,Blood,272,3684.69,39,37,1,4,28,10,324,29,2,33
4,Blood,280,3801.53,34,42,3,10,27,16,281,54,0,39
4,Blood,288,3918.37,30,47,1,10,30,7,311,44,1,25
4,Blood,296,4035.21,28,32,1,7,25,18,324,30,1,33
4,Blood,304,4171.58,29,37,1,4,32,15,304,42,0,36
4,Blood,312,4314.34,37,34,1,5,30,15,303,39,0,50
4,Blood,320,4457.1,31,48,2,4,35,18,295,24,1,31
4,Blood,328,4599.86,44,43,1,6,30,16,256,40,0,43
4,Blood,336,4742.62,44,54,0,5,40,14,307,48,0,40
4,Blood,344,4885.38,48,48,1,11,37,15,321,31,1,46
4,Blood,352,5028.14,59,66,2,11,47,23,363,28,1,68
4,Blood,358,5139.376,43,51,0,11,33,9,271,13,1,42
4,Blood,360,5179.22,57,55,0,27,35,12,342,24,2,50
4,Blood,368,5338.596,46,50,2,56,50,16,242,24,0,44
4,Blood,376,5497.972,42,39,0,52,35,15,223,37,0,36
4,Blood,384,5657.348,47,42,1,61,26,15,266,28,0,49
4,Blood,392,5816.724,67,37,0,52,13,13,303,38,1,42
4,Blood,396,5896.412,51,27,0,46,11,4,266,20,0,48
4,Blood,400,5976.1,64,25,1,44,11,11,270,34,0,37
4,Blood,404,6055.788,52,23,0,32,4,11,284,22,0,46
4,Blood,408,6135.476,55,28,0,53,6,14,274,28,0,52
4,Blood,416,6294.852,48,35,0,49,4,13,284,24,0,37
4,Blood,424,6465.308,75,31,1,69,3,7,248,21,0,27
4,Blood,432,6646.644,69,35,1,78,5,14,269,33,0,39
4,Blood,440,6827.98,99,50,0,62,1,8,319,25,0,45
4,Blood,444,6918.648,153,41,0,30,2,9,202,14,0,35
4,Blood,448,7009.316,141,47,1,54,3,10,190,22,0,45
4,Blood,452,7099.984,108,35,0,24,2,6,253,18,0,44
4,Blood,456,7190.652,76,30,0,49,1,12,286,25,1,44
4,Blood,472,7553.324,37,34,0,28,2,9,332,15,0,50
4,Blood,476,7643.992,30,40,0,37,1,11,321,28,0,33
4,Blood,480,7734.66,31,37,0,36,1,12,308,25,0,35
4,Blood,496,7877.5424,29,32,1,45,1,6,308,58,3,22
4,Blood,506,7966.9364,22,35,0,26,2,12,300,73,0,26
4,Blood,516,8056.3304,22,50,0,21,0,15,334,81,1,25
4,Blood,536,8235.1184,16,51,0,30,1,14,289,84,1,26
4,Blood,546,8324.5124,11,54,0,34,1,10,267,72,2,27
4,Blood,556,8413.9064,16,48,0,16,2,13,262,90,3,23
4,Blood,566,8503.3004,14,59,1,24,2,7,257,84,2,17
4,Blood,576,8592.6944,17,50,0,23,2,10,257,85,2,37
4,Blood,596,8771.4824,11,62,1,25,0,9,262,82,4,28
4,Blood,616,8950.2704,11,40,0,22,0,9,284,68,1,23
4,Blood,636,9129.0584,10,37,3,24,1,7,294,72,1,28
4,Blood,656,9271.6512,5,79,1,25,0,7,276,94,2,37
4,Blood,676,9384.5552,2,44,0,27,0,9,274,102,1,36
4,Blood,696,9497.4592,2,37,0,32,1,4,241,113,1,33
4,Blood,706,9553.9112,4,40,0,28,0,4,228,127,2,26
4,Blood,716,9610.3632,2,33,1,17,0,11,246,135,5,31
4,Blood,726,9666.8152,1,36,0,24,1,5,230,130,2,36
4,Blood,736,9723.2672,11,56,1,34,2,11,246,87,3,38
4,Blood,756,9836.1712,2,34,0,33,1,6,162,140,2,25
4,Blood,776,9949.0752,0,29,2,30,0,4,194,185,0,29
4,Blood,796,10061.9792,1,64,0,46,1,3,116,199,0,37
4,Blood,806,10120.4024,1,48,0,50,3,7,133,203,4,29
4,Blood,816,10180.2064,0,37,1,97,0,6,73,214,3,31
4,Blood,826,10240.0104,0,36,1,83,1,9,142,164,3,44
4,Blood,836,10299.8144,13,52,1,69,2,7,174,169,5,35
4,Blood,846,10359.6184,0,24,0,120,0,5,118,187,4,31
4,Blood,856,10419.4224,2,29,1,106,0,15,88,263,2,22
4,Blood,866,10479.2264,1,25,0,84,0,6,91,251,4,35
4,Blood,876,10539.0304,0,34,1,88,0,5,70,275,3,32
4,Blood,886,10598.8344,1,21,0,95,1,4,64,290,7,21
4,Blood,896,10658.6384,1,30,0,100,0,6,80,234,4,32
4,Blood,906,10718.4424,0,14,0,135,0,10,47,262,6,22
4,Blood,916,10778.2464,0,18,0,126,0,5,95,243,6,39
4,Blood,926,10838.0504,1,25,0,95,0,7,74,268,7,29
4,Blood,936,10897.8544,22,32,1,69,3,9,146,192,3,35
4,Blood,946,10957.6584,2,21,0,55,2,8,133,237,3,34
4,Blood,956,11022.1876,2,33,0,47,0,15,138,387,3,64
4,Blood,966,11097.5086,0,43,0,9,0,2,133,272,5,34
4,Blood,976,11172.8296,0,32,0,3,1,11,166,247,6,39
4,Blood,996,11323.4716,0,50,1,2,0,15,165,210,8,42
4,Blood,1016,11474.1136,0,57,0,1,0,23,59,302,6,42
4,Blood,1036,11624.7556,3,62,1,16,0,17,142,215,4,31
4,Blood,1056,11775.3976,1,124,1,6,1,8,26,194,37,65
4,Blood,1076,11926.0396,1,125,0,8,0,2,17,187,58,58
4,Blood,1096,12076.6816,1,92,0,8,0,1,16,143,63,76
4,Blood,1116,12227.3236,1,115,0,2,0,4,14,88,134,71
4,Blood,1126,12302.6446,0,94,0,4,0,1,3,57,85,27
4,Blood,1130,12332.773,3,100,0,11,1,2,29,132,169,58
4,Blood,1146,12453.2866,0,72,1,6,0,0,12,82,118,43
4,Blood,1156,12528.6076,0,102,1,3,0,1,3,88,166,45
4,Blood,1176,12679.2496,0,18,0,2,0,0,8,101,192,31
4,Blood,1196,12829.8916,0,15,0,0,1,0,17,79,268,49
4,Blood,1216,12980.5336,0,18,0,1,0,1,11,131,255,52
4,Blood,1236,13131.1756,0,18,0,6,3,2,37,201,154,44
4,Blood,1256,13281.8176,1,15,0,0,0,0,20,180,211,53
4,Blood,1276,13529.544,1,17,0,0,0,0,22,148,231,57
4,Blood,1296,13856.924,1,25,0,1,0,1,27,95,269,59
4,Blood,1316,14184.304,1,17,0,0,2,2,39,86,244,69
4,Blood,1356,14886.5,0,47,0,0,0,3,17,54,68,31
5,Doe,0,-52,16,113,2,18,10,5,209,104,4,28
5,Doe,4,-42.044,31,95,8,15,9,6,214,111,2,26
5,Doe,8,-32.088,15,101,6,13,9,3,224,102,2,30
5,Doe,12,-22.132,15,123,5,15,6,9,218,77,4,48
5,Doe,16,-12.176,20,132,5,23,14,6,191,87,6,45
5,Doe,20,-2.22,11,135,9,19,7,2,220,78,3,31
5,Doe,24,7.736,14,136,6,25,16,8,189,80,2,30
5,Doe,28,17.692,18,126,12,17,14,2,213,86,8,36
5,Doe,32,27.648,19,115,11,25,11,3,168,99,6,49
5,Doe,36,46.9248,27,113,5,18,15,4,207,103,3,27
5,Doe,40,75.522,30,86,10,35,9,6,157,105,5,42
5,Doe,44,104.1192,18,113,9,40,11,6,211,83,4,22
5,Doe,48,132.7164,23,91,2,40,15,10,178,115,4,25
5,Doe,52,161.3136,30,80,4,39,21,9,201,83,4,35
5,Doe,56,189.9108,21,85,4,54,11,3,236,73,2,34
5,Doe,60,218.508,42,94,2,46,14,4,199,88,1,14
5,Doe,64,247.1052,39,87,2,44,16,10,217,88,1,26
5,Doe,68,275.7024,20,71,7,44,7,8,205,99,3,40
5,Doe,72,351.628,34,90,4,31,17,3,242,80,3,20
5,Doe,76,474.924,26,75,8,43,19,7,218,88,1,38
5,Doe,80,598.22,28,61,7,51,21,9,206,87,2,31
5,Doe,84,721.516,27,67,7,66,19,7,201,91,3,24
5,Doe,88,844.812,44,50,2,61,21,5,216,93,3,33
5,Doe,92,968.108,17,73,8,60,18,3,241,83,2,22
5,Doe,96,1091.368,35,59,2,46,18,4,213,93,4,39
5,Doe,100,1214.7,46,58,2,49,19,8,209,110,0,20
5,Doe,104,1338.032,39,76,4,52,22,5,189,83,3,35
5,Doe,108,1461.364,37,73,2,56,21,9,195,107,1,12
5,Doe,112,1584.696,40,56,5,36,22,8,210,121,4,42
5,Doe,116,1703.528,32,65,0,41,23,4,223,108,2,28
5,Doe,120,1820.76,25,73,5,36,17,7,224,110,0,32
5,Doe,124,1937.992,41,85,5,45,21,6,221,89,1,24
5,Doe,128,2055.224,27,68,3,36,15,5,224,100,2,36
5,Doe,132,2172.456,40,58,2,34,19,8,234,106,2,22
5,Doe,136,2289.688,33,79,10,37,8,5,231,103,2,27
5,Doe,140,2406.92,42,70,3,35,10,8,227,94,1,30
5,Doe,144,2524.152,32,48,1,32,19,3,213,113,0,45
5,Doe,148,2641.384,43,60,1,34,22,5,222,120,1,31
5,Doe,152,2758.616,52,60,0,28,16,8,240,87,1,32
5,Doe,156,2837.688,68,63,0,50,25,9,237,113,1,30
5,Doe,161,2936.578,51,62,2,27,21,8,230,101,2,38
5,Doe,164,2995.912,60,53,3,36,21,5,203,122,0,22
5,Doe,168,3075.024,55,56,0,33,18,4,247,97,0,39
5,Doe,172,3154.136,42,56,1,31,25,5,252,81,1,26
5,Doe,176,3233.248,44,84,1,34,19,15,226,115,0,32
5,Doe,180,3312.36,52,62,0,38,24,8,209,108,2,24
5,Doe,188,3470.584,45,48,0,45,25,6,221,97,2,27
5,Doe,196,3628.808,40,57,0,45,34,8,228,91,2,27
5,Doe,200,3707.92,40,65,5,30,18,9,226,87,2,30
5,Doe,204,3787.032,54,66,2,33,22,8,249,82,1,28
5,Doe,208,3896.224,56,69,2,25,27,5,247,80,0,38
5,Doe,212,4095.636,77,51,1,22,24,3,248,71,0,46
5,Doe,216,4295.048,64,78,1,28,18,6,270,72,0,34
5,Doe,220,4494.46,75,57,1,23,14,4,253,82,0,42
5,Doe,224,4693.872,64,48,0,25,24,3,270,77,1,25
5,Doe,228,4893.284,70,74,0,32,25,6,228,79,0,45
5,Doe,232,5092.696,58,61,0,40,12,5,239,82,2,40
5,Doe,236,5292.108,60,65,0,44,16,2,197,89,1,38
5,Doe,240,5491.52,53,51,1,53,12,10,228,75,0,42
5,Doe,244,5690.932,58,58,0,83,11,4,215,91,1,44
5,Doe,248,5890.344,49,63,1,58,20,4,274,82,0,38
5,Doe,252,6089.756,70,45,2,40,16,11,234,63,1,44
5,Doe,256,6289.168,50,39,2,63,21,1,243,78,0,47
6,Green,1,-30.25,14,106,28,23,4,11,111,76,2.5,33
6,Green,3,-0.75,14,120,39,17,6,13,153,93,6,28.5
6,Green,5,28.75,28,118,40,25,10,11,138,110,6,21.5
6,Green,7,58.25,12,74,44,21,4,11,93,89.5,7,19
6,Green,9,87.75,25,82,49,30,6,23,142,113,12,18
6,Green,11,117.25,22,112,30,32,5,4,141,134,7,19
6,Green,13,146.75,32,96,39,26,9,7,143,153,10,15
6,Green,15,176.25,46,114,34,34,6,7,136,128,6.5,20
6,Green,17,205.75,19,102,23,35,14,9,124,122,13.5,29
6,Green,19,235.25,32,95,26,25,9,5,137,140,6.5,26.5
6,Green,21,259.12,33,90,31,40,4,10,149,127,7,13
6,Green,23,277.36,26,93,34,27,9,9,146,130.5,5,25
6,Green,25,295.6,39,98,29,30,8,6,146,123,5,27
6,Green,27,313.84,28,83,37,30,6,6,139,115.5,4,36
6,Green,29,332.08,33,85,35,37,8,8,167,93,6.5,18
6,Green,31,350.32,29,104,29,30,4,13,156,128,2,24
6,Green,33,368.56,20,82,24,33,9,16,113,136,5,38.5
6,Green,35,386.8,34,99,20,37,18,12,154,115,5,21
6,Green,37,405.04,27,95,24,27,12,13,123,143,8,23
6,Green,39,423.28,30,114,28,37,9,5,150,134.5,8,16
6,Green,41,441.52,27,97,25,29,3,6,139,154.5,4.5,27.5
6,Green,43,459.76,26,78,29,36,5,7,125,168,12,19.5
6,Green,45,478,42,82,27,35,14,11,123,155.5,7.5,20
6,Green,47,496.24,40,76,34,38,8,10,135,131.5,6,19
6,Green,51,532.72,35,87,36,24,12,6,156,141,6.5,19.5
6,Green,53,550.96,39,84,22,39,9,12,129,135.5,4.5,19
6,Green,55,569.2,49,92,17,30,16,13,141,148,4,15
6,Green,57,587.44,37,91,18,39,10,9,154,131.5,5.5,14
6,Green,59,605.68,45,96,27,34,11,11,129,129,7,17
6,Green,61,623.92,27,103,20,51,12,11,133,132.5,6,16
6,Green,63,642.16,40,86,25,52,12,13,102,139.5,5,23
6,Green,65,660.4,35,91,26,36,6,6,120,153,3.5,22
6,Green,67,719.678,41,104,19,48,8,9,98,147,5.5,31
6,Green,69,778.946,52,84,37,34,12,15,119,143,5.5,15
6,Green,71,838.214,49,96,25,39,5,6,136,140,4.5,18
6,Green,73,897.482,32,93,39,31,7,8,133,124.5,2.5,25
6,Green,75,956.75,53,99,27,24,10,11,136,127.5,4,13
6,Green,77,1016.018,49,101,36,49,7,9,138,138,2,16
6,Green,79,1075.286,56,114,42,52,9,12,134,150,7.5,20
6,Green,81,1134.554,49,80,29,48,12,6,139,123.5,3.5,17
6,Green,83,1193.822,52,85,42,36,10,7,109,142.5,4.5,26.5
6,Green,85,1253.09,63,95,33,43,10,6,131,150,1.5,17
6,Green,87,1312.358,43,94,49,32,9,6,133,135,3,17
6,Green,89,1371.626,48,82,24,43,13,10,141,133,4.5,13
6,Green,91,1430.894,40,82,26,34,18,9,149,137,1.5,23.5
6,Green,93,1490.162,51,106,20,56,11,6,142,116,3.5,28
6,Green,97,1604.7,46,75,28,49,11,5,145,146,4,23
6,Green,99,1661.3,34,76,9,43,17,8,161,129,6.5,19.5
6,Green,101,1717.9,51,80,29,42,19,8,162,131.5,3.5,15
6,Green,103,1774.5,41,88,26,36,11,7,162,106.5,4.5,15
6,Green,105,1831.1,48,75,17,47,8,1,178,118.5,3,12
6,Green,107,1887.7,44,111,19,42,12,9,177,139,2,21
6,Green,109,1944.3,46,108,13,36,10,8,136,133.5,7.5,17.5
6,Green,111,2000.9,51,78,14,44,19,12,154,141,1,19.5
6,Green,115,2114.1,57,93,11,36,0,12,172,134.5,2,21
6,Green,117,2170.7,59,109,9,43,20,12,176,139.5,2,27
6,Green,119,2227.3,61,89,13,37,7,10,181,96,2,25
6,Green,121,2283.9,59,68,14,43,12,7,162,127.5,1.5,14
6,Green,123,2340.5,33,87,11,35,10,8,190,114.5,0.5,19
6,Green,125,2397.1,62,83,9,34,22,12,184,135.5,2,26.5
6,Green,127,2453.7,49,99,11,35,12,5,203,120.5,3,20
6,Green,129,2510.3,66,54,5,40,15,5,147,140,3.5,24
6,Green,131,2566.9,55,77,21,33,8,11,167,144.5,1,28
6,Green,133,2623.5,48,71,8,35,6,8,153,135.5,2,35
7,Larkum,0,-51,10,168,0,62,7,6,117,61,2,51
7,Larkum,4,-27.3556,26,162,2,61,8,8,102,62,3,72
7,Larkum,8,-3.7112,14,156,2,41,3,12,115,47,2,92
7,Larkum,12,19.9332,21,150,5,82,11,5,95,57,1,65
7,Larkum,16,43.5776,26,117,1,70,3,9,117,53,2,72
7,Larkum,20,67.222,38,129,3,85,8,7,100,58,4,50
7,Larkum,24,90.8664,31,109,3,121,7,5,99,72,4,42
7,Larkum,28,114.5108,28,122,4,115,17,6,91,65,6,51
7,Larkum,32,138.1552,14,127,3,126,4,5,106,60,4,57
7,Larkum,36,161.7996,35,123,5,102,19,11,97,59,11,53
7,Larkum,40,185.444,26,120,1,121,7,3,107,72,10,47
7,Larkum,44,209.0884,43,110,1,138,9,11,89,73,4,40
7,Larkum,48,244.9884,40,116,5,78,5,3,129,56,1,62
7,Larkum,52,284.9716,34,99,4,137,10,8,100,79,3,40
7,Larkum,56,324.9548,38,109,2,111,5,7,126,49,3,50
7,Larkum,60,364.938,43,114,6,138,6,11,92,70,4,38
7,Larkum,64,404.9212,32,136,1,102,13,9,98,55,4,68
7,Larkum,68,444.9044,57,117,2,123,13,3,88,49,10,47
7,Larkum,72,484.8876,37,112,0,126,10,6,119,41,6,43
7,Larkum,76,524.8708,56,104,3,142,17,4,113,45,4,37
7,Larkum,80,564.854,32,125,2,112,15,6,102,51,5,52
7,Larkum,84,604.8372,45,143,3,131,12,5,70,47,5,42
7,Larkum,88,644.8204,39,130,8,107,9,11,116,37,6,53
7,Larkum,92,684.8036,45,121,2,141,13,8,95,30,6,49
7,Larkum,96,709.17,36,119,3,144,12,10,92,42,3,55
7,Larkum,100,728.33,72,80,1,156,14,5,97,39,2,46
7,Larkum,104,747.49,79,117,1,120,12,7,83,34,1,47
7,Larkum,108,766.65,76,106,1,150,10,8,101,37,8,37
7,Larkum,112,785.81,65,90,1,154,9,10,109,38,5,40
7,Larkum,116,811.4825,56,81,1,215,9,4,92,27,3,33
7,Larkum,120,839.3197,58,104,0,180,7,10,81,33,9,48
7,Larkum,124,867.1569,56,89,0,205,5,5,78,43,5,38
7,Larkum,128,894.9941,44,64,1,197,10,5,86,44,4,57
7,Larkum,132,922.8313,44,94,1,188,10,3,102,44,2,47
7,Larkum,136,950.6685,53,88,5,168,19,6,81,34,5,57
7,Larkum,140,978.5057,51,73,1,187,13,3,101,60,6,35
7,Larkum,144,1006.3429,36,114,0,209,14,8,77,29,4,50
7,Larkum,148,1034.1801,61,126,2,161,8,3,96,30,3,48
7,Larkum,152,1062.0173,49,74,2,179,22,7,92,38,2,53
7,Larkum,156,1089.8545,61,63,1,192,10,5,95,36,3,38
7,Larkum,160,1117.6917,76,87,0,214,13,7,82,28,2,38
7,Larkum,164,1145.5289,88,67,1,176,17,8,98,26,4,30
7,Larkum,168,1174.6176,52,55,3,215,7,4,106,36,5,37
7,Larkum,172,1207.4904,85,78,4,198,14,3,81,47,1,31
7,Larkum,176,1240.3632,63,70,4,215,11,3,113,42,0,37
7,Larkum,180,1273.236,100,90,1,162,7,2,96,27,5,27
7,Larkum,184,1306.1088,88,66,3,172,10,10,95,35,1,34
7,Larkum,186,1322.5452,73,102,2,157,14,6,102,35,1,39
7,Larkum,189,1347.1998,59,92,1,160,9,5,118,39,2,53
7,Larkum,193,1380.0726,68,89,5,197,10,8,94,50,2,34
7,Larkum,197,1412.9454,82,109,2,138,8,4,100,42,3,35
7,Larkum,201,1445.8182,64,77,4,173,5,6,103,42,6,27
7,Larkum,205,1478.691,82,78,2,199,6,15,81,40,6,29
7,Larkum,209,1511.5638,54,97,5,148,11,4,104,39,2,43
7,Larkum,213,1544.4366,68,77,2,208,21,5,115,35,3,32
7,Larkum,217,1577.3094,57,96,2,161,10,5,100,41,0,37
7,Larkum,221,1610.1822,103,85,3,131,20,11,92,37,3,45
7,Larkum,225,1636.8925,109,99,3,142,13,10,118,45,3,14
7,Larkum,229,1661.5553,90,79,2,157,19,8,100,51,1,37
7,Larkum,233,1686.2181,73,114,4,153,20,4,104,37,1,25
7,Larkum,237,1710.8809,86,89,3,144,10,8,101,43,3,41
7,Larkum,241,1735.5437,76,89,0,180,15,9,112,44,1,28
7,Larkum,245,1760.2065,78,98,1,184,13,10,94,34,5,28
7,Larkum,249,1784.8693,74,87,0,178,4,7,78,39,3,42
7,Larkum,253,1809.5321,76,87,1,163,7,4,101,30,2,50
7,Larkum,257,1834.1949,81,106,4,160,11,7,90,31,0,37
7,Larkum,261,1858.8577,87,69,0,203,12,3,109,41,2,19
7,Larkum,265,1883.5205,81,75,0,245,14,9,86,40,2,40
8,LilyNS,0,-44,16,55,20,11,7,7,84,34,1,22
8,LilyNS,2,-21.704,17,152,30,16,19,12,159,82,3,27
8,LilyNS,4,0.592,17,141,30,22,12,10,175,103,3,19
8,LilyNS,7,34.036,12,118,23,31,11,19,188,96,4.5,27
8,LilyNS,10,67.48,35,119,35,37,15,11,162,73.5,3,27
8,LilyNS,12,89.776,40,142,30,23,15,12,171,71,6.5,24
8,LilyNS,14,112.072,15,131,36,34,5,14,192,97,4.5,18
8,LilyNS,17,145.516,26,118,24,31,16,9,178,81.5,6.5,37
8,LilyNS,20,178.96,39,93,41,40,8,8,181,105.5,1,16
8,LilyNS,22,201.256,46,71,46,26,9,11,197,100.5,14.5,23
8,LilyNS,24,223.552,41,61,29,30,12,16,210,113.5,2,19
8,LilyNS,27,256.996,45,55,55,32,7,9,202,87,1.5,40
8,LilyNS,30,263.85,38,93,47,33,11,13,201,77.5,2.5,21
8,LilyNS,32,268.416,35,80,45,27,18,14,209,93.5,1.5,24
8,LilyNS,34,272.982,43,80,40,36,3,13,196,104,3.5,24
8,LilyNS,37,279.831,31,76,39,37,13,14,199,98.5,2,34
8,LilyNS,40,286.68,32,84,47,42,10,7,205,100.5,2.5,26
8,LilyNS,42,291.246,44,64,61,49,11,5,181,90,1.5,19
8,LilyNS,44,295.812,49,76,57,42,13,8,202,70.5,4.5,17
8,LilyNS,47,302.661,48,77,44,50,15,7,208,59.5,3,29
8,LilyNS,50,309.51,61,70,56,33,15,14,190,67,7.5,19
8,LilyNS,52,314.076,34,93,42,21,18,14,223,69,3,32
8,LilyNS,54,318.642,41,80,28,37,8,12,238,72,5,16
8,LilyNS,57,325.491,24,80,67,41,14,14,210,62.5,1.5,20
8,LilyNS,60,332.34,53,53,50,40,6,12,225,84,2,19
8,LilyNS,62,336.906,38,73,30,48,13,7,227,110,5,26
8,LilyNS,64,341.472,38,74,36,52,21,11,202,87,2,25
8,LilyNS,67,348.321,37,79,46,28,12,18,225,75,4,23
8,LilyNS,70,355.17,45,70,37,49,16,12,209,96,2,24
8,LilyNS,72,359.736,36,75,32,60,13,13,184,101.5,6,23
8,LilyNS,74,364.302,31,78,42,44,11,11,224,90.5,7,17
8,LilyNS,77,371.151,41,86,36,24,14,16,224,76.5,3,27
8,LilyNS,80,378,49,61,25,56,10,13,196,106,4,20
8,LilyNS,82,382.566,38,94,28,35,10,15,217,98.5,3,18
8,LilyNS,84,387.132,42,80,42,38,11,13,214,98.5,3,15
8,LilyNS,87,393.981,37,59,42,46,14,14,216,65,4,28
8,LilyNS,90,400.83,42,79,48,41,11,7,225,78,5,19
8,LilyNS,92,405.396,45,76,38,41,21,11,212,81.5,5,14
8,LilyNS,94,409.962,55,82,33,39,19,6,227,80,7.5,15
8,LilyNS,97,416.811,38,75,35,36,11,5,235,118.5,1,15
8,LilyNS,100,423.66,55,80,32,42,14,12,231,72.5,2.5,18
8,LilyNS,102,439.97,47,82,15,43,14,9,228,78,2,26
8,LilyNS,104,460.24,46,64,62,45,13,7,215,80.5,5.5,19
8,LilyNS,107,490.645,55,70,44,46,12,8,206,90,4.5,14
8,LilyNS,110,521.05,41,66,39,46,9,19,232,66,0,26
8,LilyNS,112,541.32,42,73,65,27,17,7,207,79,2.5,22
8,LilyNS,114,561.59,57,72,49,33,8,4,220,83.5,3,18
8,LilyNS,117,591.995,42,62,44,38,20,10,206,129,3.5,25
8,LilyNS,120,622.4,28,63,41,56,21,7,199,108.5,0,23
8,LilyNS,122,642.67,46,64,49,40,7,10,217,73.5,7.5,24
8,LilyNS,124,662.94,53,62,57,35,11,10,235,95.5,4.5,24
8,LilyNS,127,693.345,67,57,45,42,4,9,215,89.5,1,26
8,LilyNS,130,723.75,29,59,67,39,16,8,215,73.5,3.5,30
8,LilyNS,132,744.02,43,71,71,30,13,8,196,80.5,1.5,21
8,LilyNS,134,764.29,48,63,53,24,11,14,244,72,2.5,28
8,LilyNS,137,794.695,43,48,80,45,7,10,195,113,1,25
8,LilyNS,140,825.1,37,72,34,52,7,11,193,117.5,1.5,30
8,LilyNS,142,845.37,28,55,78,28,5,10,263,65,2,18
8,LilyNS,144,865.64,69,54,48,28,12,14,194,102,1,23
8,LilyNS,147,896.045,48,75,45,34,9,17,200,63,3.5,26
8,LilyNS,154,966.99,40,63,6,56,8,8,211,81,4,35
8,LilyNS,158,1007.53,46,57,22,53,15,9,209,67,1,25
8,LilyNS,162,1048.07,59,83,11,43,15,12,228,74,3,28
8,LilyNS,166,1088.61,49,61,18,68,17,9,200,85,3,23
8,LilyNS,170,1129.15,57,83,21,40,15,6,254,59,1,18
8,LilyNS,174,1169.69,36,62,11,35,18,6,226,79,3,20
8,LilyNS,178,1210.23,32,68,7,41,15,5,240,66,3,26
8,LilyNS,182,1250.77,59,70,6,53,20,6,226,79,3,27
8,LilyNS,186,1291.31,47,70,7,51,14,5,216,70,3,15
9,LilyW,1,-36.9062,38,176,17,55,6,18,93,87,3.5,23
9,LilyW,3,-20.7186,44,148,14,66,6,19,110,93,4,16
9,LilyW,5,-4.531,37,154,21,61,8,20,99,94,7.5,20
9,LilyW,7,11.6566,58,129,0,87,4,15,105,78,5,49
9,LilyW,9,27.8442,40,177,29,63,2,14,103,71,3,23
9,LilyW,11,44.0318,50,168,24,63,3,19,106,60,3,20
9,LilyW,13,60.2194,43,173,19,61,3,19,74,91,6,31
9,LilyW,15,76.407,35,163,24,67,3,17,108,75,5.5,30
9,LilyW,17,92.5946,52,173,26,48,6,17,94,79,0,19
9,LilyW,19,108.7822,65,162,29,57,6,12,94,81,4.5,24
9,LilyW,21,124.9698,46,165,19,53,11,17,107,77,3,22
9,LilyW,23,141.1574,50,155,16,75,3,6,105,93,4,14
9,LilyW,25,157.345,50,170,27,64,3,24,97,67,3,24
9,LilyW,27,173.5326,48,163,16,73,6,5,79,99,1.5,28
9,LilyW,29,189.7202,58,154,17,66,5,11,93,89,2,24
9,LilyW,31,205.9078,62,145,16,52,5,11,111,84,5.5,15
9,LilyW,33,227.777,64,133,11,68,6,15,95,101,0,14
9,LilyW,35,255.335,85,144,21,83,2,20,74,73,1,26
9,LilyW,37,282.893,60,151,24,91,3,14,83,73,3.5,21
9,LilyW,39,310.451,64,127,13,80,2,17,91,106,5,24
9,LilyW,41,338.009,61,137,20,90,0,14,86,103,5,16
9,LilyW,43,365.567,69,146,21,65,5,13,80,88,0,16
9,LilyW,45,393.125,77,112,32,83,2,7,94,91,3,25
9,LilyW,47,420.683,70,124,24,103,2,5,87,75,0,30
9,LilyW,49,448.241,78,154,17,70,5,12,86,96,3.5,11
9,LilyW,51,475.799,91,132,13,96,3,9,96,59,3,31
9,LilyW,53,505.3,119,139,11,108,2,26,67,41,3,10
9,LilyW,55,534.8,116,157,9,149,8,13,40,31,2,15
9,LilyW,57,564.3,133,119,8,130,6,13,63,36,0,21
9,LilyW,59,593.8,125,107,12,153,6,5,59,33,2,18
9,LilyW,61,623.3,127,117,5,150,3,9,55,35,0,18
9,LilyW,63,652.8,132,107,13,130,2,14,56,50,2,20
9,LilyW,65,682.3,97,156,7,153,3,10,38,44,0,24
9,LilyW,67,711.8,111,137,10,130,2,16,45,44,2.5,18
9,LilyW,69,741.3,90,141,13,143,1,15,48,37,3,16
9,LilyW,71,770.8,105,121,7,134,3,10,63,49,2,18
9,LilyW,73,800.3,112,136,6,128,3,7,49,49,0,19
9,LilyW,75,829.8,115,125,10,119,0,17,75,50,0,26
9,LilyW,77,858.959,112,136,8,139,5,5,57,50,2,11
9,LilyW,79,888.093,102,131,11,119,8,14,65,38,2,23
9,LilyW,81,917.227,113,110,2,120,0,12,74,58,2,17
9,LilyW,83,946.361,127,149,8,113,3,10,48,52,2,19
9,LilyW,85,975.495,119,140,12,115,5,11,53,41,2,30
9,LilyW,87,1004.629,98,143,6,138,2,12,66,34,2,18
9,LilyW,89,1033.763,87,145,0,149,3,11,53,63,2,20
9,LilyW,91,1062.897,104,120,6,134,3,13,83,47,6,13
9,LilyW,93,1092.031,101,111,5,165,5,5,69,56,0,15
9,LilyW,95,1101.8,91,138,6,156,5,5,75,54,0,15
9,LilyW,97,1111.6,114,85,6,152,3,20,72,56,1,13
9,LilyW,99,1121.4,94,107,1,150,5,10,74,43,2,16
9,LilyW,101,1131.2,95,142,10,135,3,16,66,58,0,21
9,LilyW,103,1141,84,137,8,165,6,11,50,38,4,20
9,LilyW,105,1150.8,114,133,5,115,0,12,69,49,0,15
9,LilyW,107,1160.6,99,133,2,137,3,16,62,59,1,16
9,LilyW,109,1170.4,106,142,3,115,3,11,67,37,6,24
9,LilyW,111,1180.2,112,138,8,139,3,14,86,39,1,20
9,LilyW,113,1190,110,131,10,128,2,9,70,40,2,19
9,LilyW,115,1199.8,98,117,6,134,3,9,59,39,2.5,39
9,LilyW,117,1209.6,94,154,5,130,0,4,82,44,2,19
9,LilyW,119,1219.4,101,113,8,134,5,20,75,52,2,30
9,LilyW,121,1229.2,122,126,8,138,2,11,50,49,1,23
10,LittlePondBolton,0,-44,23,121,3,12,15,11,190,99,2,42
10,LittlePondBolton,1,-36,15,101,6,7,12,14,199,124,2,30
10,LittlePondBolton,2,-28,9,155,10,10,17,13,175,92.5,2,34
10,LittlePondBolton,3,-20,11,103,10,8,8,14,235,90,1,45
10,LittlePondBolton,4,-12,11,140,13,6,10,21,214,65,2.5,44
10,LittlePondBolton,5,-4,12,159,11,11,12,14,189,87,1,24
10,LittlePondBolton,6,4,12,114,10,14,15,21,250,63,5,32
10,LittlePondBolton,7,12,17,139,14,15,14,13,167,92,3,34
10,LittlePondBolton,8,20,31,139,17,13,9,29,186,64,3,23
10,LittlePondBolton,9,28,22,101,25,12,12,11,201,91,2,23
10,LittlePondBolton,10,36,12,114,23,21,11,8,215,89,0,22
10,LittlePondBolton,11,44,33,103,28,20,15,12,219,69,3,26
10,LittlePondBolton,12,52,19,109,39,19,16,6,211,64,3,25
10,LittlePondBolton,13,60,18,77,21,23,9,12,269,72,4,17
10,LittlePondBolton,14,68,24,93,16,30,8,14,256,60,3,22
10,LittlePondBolton,16,84,25,83,13,36,12,5,250,88,3.5,17
10,LittlePondBolton,18,100,18,89,25,22,18,6,229,80,0,19
10,LittlePondBolton,20,116,25,74,12,22,13,9,273,56,5.5,21
10,LittlePondBolton,22.5,136,18,78,21,24,12,11,258,80,3,27
10,LittlePondBolton,24.5,152,21,83,20,16,14,9,272,61,5,19
10,LittlePondBolton,26.5,168,24,94,13,13,11,11,272,57,10,29
10,LittlePondBolton,28.5,184,20,111,16,18,15,14,280,50,6,18
10,LittlePondBolton,30.5,200,22,97,20,15,10,10,260,54,0,14
10,LittlePondBolton,32.5,216,17,90,16,19,5,10,250,68,6,19
10,LittlePondBolton,34.5,232,13,76,24,13,7,11,291,52,3,19
10,LittlePondBolton,36.5,248,21,117,24,16,15,2,267,33,3,20
10,LittlePondBolton,38.5,264,17,86,18,16,11,8,289,61,5,16
10,LittlePondBolton,40.5,290.464,35,87,15,32,14,9,263,51,4,7
10,LittlePondBolton,42.5,320.4,20,87,12,31,8,12,251,64,6,16
10,LittlePondBolton,44.5,350.336,30,79,16,26,11,12,271,54,5,19
10,LittlePondBolton,46.5,380.272,29,64,27,32,8,18,253,61,3,15
10,LittlePondBolton,48.5,410.208,31,83,15,24,18,16,238,67,4,15
10,LittlePondBolton,50.5,440.144,14,88,7,25,25,11,258,67,4,30
10,LittlePondBolton,52.5,470.08,23,82,21,29,10,10,239,69,2,25
10,LittlePondBolton,54.5,500.016,39,47,20,38,21,16,212,48,7,22
10,LittlePondBolton,56.5,529.952,28,71,8,43,12,9,272,44,1,20
10,LittlePondBolton,58.5,559.888,24,86,8,34,13,13,271,50,3,28
10,LittlePondBolton,60.5,589.824,38,105,11,25,14,16,255,47,4,20
10,LittlePondBolton,62.5,619.76,43,89,9,29,14,9,240,39,2,18
10,LittlePondBolton,64.5,649.696,14,67,9,34,16,16,268,46,3,25
10,LittlePondBolton,66.5,679.632,21,87,9,44,13,14,263,37,4,27
10,LittlePondBolton,68.5,709.568,39,70,19,23,9,14,291,63,4,20
10,LittlePondBolton,70.5,739.504,35,76,8,28,8,14,272,51,4,22
10,LittlePondBolton,72.5,769.44,40,90,12,41,13,18,254,36,2,25
10,LittlePondBolton,74.5,799.376,52,73,3,26,12,9,299,34,1,23
10,LittlePondBolton,76.5,834.8185,51,87,19,29,10,12,252,50,1,15
10,LittlePondBolton,78.5,886.8765,37,73,8,34,19,10,268,39,1,25
10,LittlePondBolton,80.5,938.9345,36,68,18,35,10,7,273,42,4,21
10,LittlePondBolton,82.5,990.9925,35,82,9,33,8,10,254,43,2,25
10,LittlePondBolton,84.5,1043.0505,38,72,14,47,6,7,260,50,3,13
10,LittlePondBolton,86.5,1095.1085,31,83,6,36,10,13,266,43,2,26
10,LittlePondBolton,88.5,1147.1665,43,82,6,47,9,6,249,44,4,25
10,LittlePondBolton,90.5,1196.5505,51,88,2,39,15,10,246,38,5,18
10,LittlePondBolton,96,1310.736,26,56,3,46,10,4,241,56,5,17
10,LittlePondBolton,100,1393.78,30,76,4,36,7,13,222,63,3,16
10,LittlePondBolton,104,1476.824,35,60,0,40,16,9,251,73,2,14
10,LittlePondBolton,108,1559.868,38,78,4,60,14,13,238,74,0,14
10,LittlePondBolton,112,1642.912,47,66,1,49,15,13,239,53,1,21
10,LittlePondBolton,116,1725.956,40,55,2,53,10,3,251,50,0,18
10,LittlePondBolton,120,1809,37,54,0,65,16,10,221,60,3,20
10,LittlePondBolton,124,1892.044,33,51,2,51,18,11,203,83,2,18
10,LittlePondBolton,128,1975.088,52,98,2,39,10,8,259,74,3,13
10,LittlePondBolton,132,2058.132,44,61,1,48,13,6,206,92,5,11
10,LittlePondBolton,136,2141.176,43,65,2,60,9,5,276,100,5,25
10,LittlePondBolton,140,2224.22,39,85,2,54,20,15,284,109,1,22
10,LittlePondBolton,144,2307.264,47,57,1,47,13,4,261,82,1,23
10,LittlePondBolton,148,2390.308,40,62,0,61,26,14,239,85,1,16
10,LittlePondBolton,152,2473.352,48,70,2,49,14,10,247,81,1,19
10,LittlePondBolton,156,2556.396,57,73,0,31,15,7,210,79,1,18
10,LittlePondBolton,160,2639.44,48,72,0,38,19,13,237,68,0,25
10,LittlePondBolton,164,2722.484,49,78,2,35,11,13,272,63,1,26
10,LittlePondBolton,168,2805.528,36,56,0,31,13,6,244,65,1,22
10,LittlePondBolton,172,2888.572,42,64,0,25,27,10,274,93,0,24
10,LittlePondBolton,176,2971.616,38,55,2,14,19,9,241,74,2,18
10,LittlePondBolton,180,3048.077,32,56,0,12,13,11,343,72,2,16
10,LittlePondBolton,184,3117.917,44,65,0,20,19,9,229,82,3,14
10,LittlePondBolton,188,3187.757,32,61,0,15,12,9,273,64,0,21
10,LittlePondBolton,192,3257.597,38,56,2,27,26,13,297,81,1,13
10,LittlePondBolton,196,3327.437,33,57,2,15,16,7,288,80,1,11
10,LittlePondBolton,200,3397.277,38,65,0,16,26,10,244,77,1,23
10,LittlePondBolton,204,3467.117,40,56,0,18,28,9,255,63,2,24
10,LittlePondBolton,208,3536.957,43,49,1,22,37,7,282,61,1,24
10,LittlePondBolton,212,3606.797,39,56,0,15,38,9,282,67,1,15
10,LittlePondBolton,216,3676.637,39,60,0,11,38,8,259,54,1,23
10,LittlePondBolton,220,3746.477,44,63,0,6,31,7,285,56,0,22
11,LittleMirrir,1,-34.4211,26,86,2,5,3,27,288,61,0,19
11,LittleMirrir,3,-19.2633,17,90,3,5,2,31,278,74,4,32
11,LittleMirrir,5,-4.1055,23,100,10,18,8,17,245,72,4,29
11,LittleMirrir,7,11.0523,26,130,10,26,9,14,200,99,5,32
11,LittleMirrir,9,26.2101,30,117,10,26,11,15,190,86,4,39
11,LittleMirrir,11,41.3679,32,101,24,21,8,19,185,100,8,24
11,LittleMirrir,13,56.5257,26,90,17,28,5,14,200,124,9,20
11,LittleMirrir,15,71.6835,46,80,29,26,10,15,146,137,5,17
11,LittleMirrir,17,86.8413,43,86,30,27,6,17,152,124,6,25
11,LittleMirrir,19,101.9991,34,110,17,26,9,14,170,107,6,30
11,LittleMirrir,21,117.1569,35,92,29,35,8,17,179,120,8,21
11,LittleMirrir,23,132.3147,24,80,46,38,8,18,141,140,11,34
11,LittleMirrir,25,147.4725,17,76,20,21,8,6,196,132,6,24
11,LittleMirrir,27,162.6303,46,106,24,43,15,11,145,118,3,23
11,LittleMirrir,29,177.7881,35,92,14,29,6,7,194,139,5,13
11,LittleMirrir,31,192.9459,21,78,32,27,12,15,159,144,8,18
11,LittleMirrir,33,208.1037,29,82,24,27,4,4,205,103,8,21
11,LittleMirrir,35,223.2615,24,72,20,38,6,14,192,122,9,26
11,LittleMirrir,37,238.4193,30,57,11,33,1,7,197,137,9,27
11,LittleMirrir,39,265.581,24,80,16,49,1,7,202,117,10,23
11,LittleMirrir,41,304.759,32,69,17,45,5,11,169,131,4,23
11,LittleMirrir,43,343.937,33,96,16,47,7,2,156,139,10,21
11,LittleMirrir,45,383.115,15,102,31,29,12,15,176,114,11,29
11,LittleMirrir,47,422.293,21,64,8,44,6,13,183,137,6,32
11,LittleMirrir,49,461.471,30,62,11,44,7,13,207,133,3,20
11,LittleMirrir,51,500.649,40,66,11,55,11,11,179,126,5,24
11,LittleMirrir,53,539.827,30,77,13,58,6,11,170,110,16,21
11,LittleMirrir,55,579.005,50,84,9,47,9,17,168,107,11,23
11,LittleMirrir,57,618.183,32,80,12,37,9,19,171,127,8,22
11,LittleMirrir,59,657.361,40,54,17,57,11,14,207,97,6,20
11,LittleMirrir,61,696.539,50,70,14,73,9,11,187,132,3,22
11,LittleMirrir,63,735.717,41,89,5,46,9,8,167,131,12,32
11,LittleMirrir,65,774.895,60,62,5,52,11,11,162,113,14,33
11,LittleMirrir,67,801.6443,50,73,18,41,8,16,168,104,9,24
11,LittleMirrir,69,815.9301,60,106,9,61,11,23,181,82,8,23
11,LittleMirrir,71,830.2159,64,63,9,61,11,18,180,122,8,31
11,LittleMirrir,73,844.5017,54,96,14,66,6,11,161,104,6,30
11,LittleMirrir,75,858.7875,64,67,12,57,5,18,181,104,3,20
11,LittleMirrir,77,873.0733,86,87,2,58,3,6,200,97,5,22
11,LittleMirrir,79,887.3591,73,84,13,44,5,10,196,73,5,26
11,LittleMirrir,83,915.9307,58,74,29,53,5,8,187,74,13,19
12,LittlePondRoyalston,0,-53,15,92,2,39,8,6,61,99,6,16
12,LittlePondRoyalston,4,-41,36,133,3,50,4,7,96,111,6,39
12,LittlePondRoyalston,8,-29,33,142,2,41,7,13,72,106,14,23
12,LittlePondRoyalston,12,-17,35,132,12,51,7,20,68,106,15,35
12,LittlePondRoyalston,16,-5,37,129,10,42,2,18,80,89,17,32
12,LittlePondRoyalston,24,19,44,155,8,47,0,14,57,101,12,26
12,LittlePondRoyalston,32,43,36,113,11,68,6,12,60,104,18,31
12,LittlePondRoyalston,40,67,53,139,12,69,5,8,65,90,17,29
12,LittlePondRoyalston,44,79,44,123,18,58,3,9,75,97,16,42
12,LittlePondRoyalston,48,91,54,84,9,75,3,8,66,121,21,25
12,LittlePondRoyalston,56,115,53,106,14,71,3,18,75,108,11,26
12,LittlePondRoyalston,64,139,39,100,8,81,7,13,86,115,22,21
12,LittlePondRoyalston,72,163,47,113,15,73,5,12,70,106,19,25
12,LittlePondRoyalston,76,175,41,115,20,72,5,9,79,105,17,21
12,LittlePondRoyalston,80,187,53,109,17,80,2,15,100,89,16,26
12,LittlePondRoyalston,88,397.96,58,126,6,86,5,14,70,86,13,23
12,LittlePondRoyalston,96,608.92,86,134,5,113,9,13,62,44,18,22
12,LittlePondRoyalston,104,792.248,106,124,6,106,5,11,51,32,9,29
12,LittlePondRoyalston,112,947.944,92,117,9,134,6,6,59,34,10,29
12,LittlePondRoyalston,120,1103.64,118,90,1,167,4,15,50,31,8,19
12,LittlePondRoyalston,128,1259.336,119,107,4,109,2,14,52,50,5,24
12,LittlePondRoyalston,136,1415.032,93,75,3,157,5,12,73,51,2,22
12,LittlePondRoyalston,144,1570.728,93,154,3,100,3,19,63,43,5,28
12,LittlePondRoyalston,152,1726.424,107,89,4,138,4,12,68,52,6,23
12,LittlePondRoyalston,160,1882.12,110,85,3,120,5,16,55,53,6,32
12,LittlePondRoyalston,168,2037.816,121,61,3,115,2,15,76,63,3,27
12,LittlePondRoyalston,176,2193.512,129,61,4,89,6,11,65,93,4,24
12,LittlePondRoyalston,184,2349.208,105,75,2,99,7,13,75,103,3,34
12,LittlePondRoyalston,192,2504.904,103,46,2,124,3,13,68,94,1,31
12,LittlePondRoyalston,200,2660.6,135,75,0,100,6,14,70,66,3,30
12,LittlePondRoyalston,208,2804.44,107,68,1,95,7,14,76,96,1,25
12,LittlePondRoyalston,224,3092.12,84,64,1,93,7,7,135,66,2,31
12,LittlePondRoyalston,240,3379.8,98,68,1,77,4,17,105,95,1,31
12,LittlePondRoyalston,248,3523.64,83,61,4,67,5,9,136,94,1,30
12,LittlePondRoyalston,256,3667.48,79,74,0,43,4,16,104,111,2,48
12,LittlePondRoyalston,264,3824.56,77,56,1,36,8,15,161,106,2,25
12,LittlePondRoyalston,272,3994.88,100,69,1,23,7,21,141,81,2,35
12,LittlePondRoyalston,280,4165.2,101,50,0,35,21,11,125,110,4,35
12,LittlePondRoyalston,288,4335.52,103,59,2,22,8,17,145,93,3,42
12,LittlePondRoyalston,296,4505.84,66,74,0,15,2,18,163,102,0,38
12,LittlePondRoyalston,300,4591,76,54,0,16,10,17,174,98,2,34
12,LittlePondRoyalston,304,4676.16,81,76,2,5,4,21,163,120,1,30
12,LittlePondRoyalston,308,4761.32,74,65,0,22,9,8,186,73,1,40
12,LittlePondRoyalston,312,4846.48,77,76,0,32,9,25,119,102,1,42
12,LittlePondRoyalston,320,5016.8,107,85,1,29,9,14,142,51,0,50
12,LittlePondRoyalston,328,5187.12,80,91,1,39,6,17,135,74,0,47
12,LittlePondRoyalston,332,5272.28,119,89,1,68,5,23,120,47,2,21
12,LittlePondRoyalston,336,5357.44,88,75,1,125,8,16,97,52,0,34
12,LittlePondRoyalston,352,5616.472,66,65,0,103,9,16,140,59,0,43
12,LittlePondRoyalston,368,5848.248,89,94,1,116,2,18,99,26,0,40
12,LittlePondRoyalston,384,6080.024,109,65,1,143,2,15,89,35,0,37
12,LittlePondRoyalston,392,6195.912,104,68,0,185,6,13,73,30,1,22
12,LittlePondRoyalston,396,6253.856,79,69,1,170,3,11,65,57,1,31
12,LittlePondRoyalston,400,6311.8,103,66,1,160,3,9,82,45,1,24
12,LittlePondRoyalston,408,6427.688,100,72,0,180,4,8,70,39,0,18
12,LittlePondRoyalston,416,6543.576,112,79,0,128,0,10,83,53,2,30
12,LittlePondRoyalston,432,6775.352,107,91,2,130,3,6,97,43,0,21
12,LittlePondRoyalston,448,7007.128,113,83,2,119,4,7,82,57,0,27
12,LittlePondRoyalston,456,7123.016,108,76,0,109,3,15,96,54,2,35
12,LittlePondRoyalston,460,7180.96,89,80,1,101,1,14,111,80,0,25
12,LittlePondRoyalston,464,7238.904,105,69,0,82,2,11,134,68,2,34
12,LittlePondRoyalston,468,7296.848,83,82,3,71,1,19,123,76,2,36
12,LittlePondRoyalston,472,7354.792,86,79,0,119,2,10,91,66,2,43
12,LittlePondRoyalston,480,7470.68,108,97,0,119,1,12,94,61,3,29
12,LittlePondRoyalston,496,7702.456,87,71,0,139,1,7,95,72,1,22
12,LittlePondRoyalston,512,7937.75,66,68,0,96,1,12,126,97,0,28
12,LittlePondRoyalston,528,8198.15,27,44,0,125,1,7,121,152,1,13
12,LittlePondRoyalston,536,8328.35,38,61,0,83,0,12,120,149,1,25
12,LittlePondRoyalston,544,8458.55,43,69,0,71,0,12,115,166,1,29
12,LittlePondRoyalston,560,8718.95,42,54,1,75,1,15,136,118,1,47
12,LittlePondRoyalston,576,8979.35,22,37,0,51,1,7,146,221,2,39
12,LittlePondRoyalston,592,9246.396,4,30,0,55,0,6,156,193,2,36
12,LittlePondRoyalston,608,9560.204,7,34,0,50,0,3,117,239,3,31
12,LittlePondRoyalston,624,9874.012,0,38,2,45,0,5,92,298,1,22
12,LittlePondRoyalston,632,10030.916,0,33,0,80,0,8,81,269,3,25
12,LittlePondRoyalston,640,10187.82,0,37,0,83,0,2,82,265,2,21
12,LittlePondRoyalston,648,10344.724,1,40,1,37,1,10,96,266,7,33
12,LittlePondRoyalston,656,10501.628,0,68,0,28,0,5,86,253,2,36
12,LittlePondRoyalston,672,10815.436,0,40,0,31,1,7,90,292,5,25
12,LittlePondRoyalston,680,10972.34,0,25,0,15,1,4,78,337,9,25
12,LittlePondRoyalston,688,11129.244,0,33,0,4,0,11,103,303,5,27
12,LittlePondRoyalston,696,11286.148,0,41,1,3,1,8,95,285,9,21
12,LittlePondRoyalston,704,11443.052,1,62,1,3,0,6,40,293,19,35
12,LittlePondRoyalston,712,11599.956,1,102,0,1,1,5,22,219,44,53
12,LittlePondRoyalston,720,12086,0,82,0,9,0,0,19,135,140,70
12,LittlePondRoyalston,736,13057.2,1,24,0,0,1,1,30,123,194,104
12,LittlePondRoyalston,752,14028.4,1,55,0,2,0,2,18,129,174,61
12,LittlePondRoyalston,768,14999.6,0,13,0,0,0,1,2,156,71,5
13,NorthRound,0.5,-44.0179,41,222,21,41,3,17,96,57,10,29
13,NorthRound,2.5,-32.0895,50,223,38,52,3,13,71,64,1,24
13,NorthRound,4.5,-20.1611,44,196,40,38,4,21,82,61,3,27
13,NorthRound,6.5,-8.2327,62,192,25,47,3,19,85,68,2,27
13,NorthRound,8.5,3.6957,64,212,49,59,5,14,57,54,3,21
13,NorthRound,10.5,15.6241,54,206,38,46,3,16,58,54,5,21
13,NorthRound,12.5,27.5525,58,200,41,32,4,19,70,57,4,28
13,NorthRound,14.5,39.4809,57,229,50,36,4,13,78,51,4,29
13,NorthRound,16.5,51.4093,43,222,90,36,4,14,57,66,3,27
13,NorthRound,18.5,63.3377,54,179,82,53,3,20,64,69,5,20
13,NorthRound,20.5,75.2661,61,145,88,42,3,11,52,65,5,33
13,NorthRound,22.5,88.95025,34,189,90,39,6,12,73,65,3,15
13,NorthRound,24.5,107.92005,54,149,102,63,2,4,63,68,7,27
13,NorthRound,26.5,126.88985,45,163,99,46,1,11,62,64,5,19
13,NorthRound,28.5,145.85965,56,139,68,60,4,15,68,92,5,25
13,NorthRound,30.5,164.82945,79,151,79,45,6,12,69,73,3,18
13,NorthRound,32.5,183.79925,61,171,60,56,1,10,71,62,2,22
13,NorthRound,34.5,202.76905,51,166,49,76,4,9,75,87,4,15
13,NorthRound,36.5,237.57,80,159,54,56,2,9,66,80,2,21
13,NorthRound,38.5,319.93,61,149,64,62,0,21,74,94,0,24
13,NorthRound,40.5,402.29,61,142,73,63,3,21,92,60,5,23
13,NorthRound,42.5,484.65,75,182,44,69,4,25,67,82,4,23
13,NorthRound,44.5,567.01,62,194,35,69,0,25,62,81,5,22
13,NorthRound,46.5,638.1385,80,171,28,64,4,19,54,76,9,26
13,NorthRound,48.5,675.3965,62,172,37,65,5,12,91,58,7,25
13,NorthRound,50.5,712.6545,53,180,30,74,4,17,61,63,7,32
13,NorthRound,52.5,749.9125,78,153,29,88,3,12,78,75,6,19
13,NorthRound,54.5,787.1705,108,166,21,102,1,23,68,68,9,18
13,NorthRound,56.5,824.4285,98,175,17,103,8,19,48,56,5,19
13,NorthRound,58.5,861.6865,94,163,14,125,3,18,45,51,3,18
13,NorthRound,60.5,898.9445,87,162,12,70,6,15,82,67,9,22
13,NorthRound,62.5,936.2025,110,167,13,91,2,15,71,50,5,25
13,NorthRound,64.5,973.4605,114,162,9,97,6,17,55,54,10,24
13,NorthRound,66.5,1010.7185,101,152,9,113,3,17,53,53,4,19
13,NorthRound,68.5,1051.2865,110,149,5,118,6,12,69,45,3,21
13,NorthRound,70.5,1093.0245,116,143,10,103,5,21,39,48,2,24
13,NorthRound,72.5,1134.7625,119,155,11,102,5,19,56,55,11,30
13,NorthRound,74.5,1176.5005,114,141,4,102,4,19,69,49,5,29
13,NorthRound,76.5,1218.2385,132,175,11,69,3,12,54,50,5,26
13,NorthRound,78.5,1259.9765,107,137,9,91,2,13,68,65,6,20
13,NorthRound,80.5,1301.7145,125,142,8,104,5,18,55,52,4,18
13,NorthRound,82.5,1343.4525,96,143,8,92,4,14,52,70,5,44
13,NorthRound,84.5,1385.1905,82,167,15,87,5,11,57,89,3,21
13,NorthRound,86.5,1426.9285,92,210,6,85,4,15,48,68,6,17
13,NorthRound,88.5,1468.6665,109,179,2,66,5,19,50,61,3,21
13,NorthRound,90.5,1510.4045,90,166,6,82,14,14,72,67,2,25
13,NorthRound,92.5,1552.1425,101,189,1,70,7,16,60,84,4,16
13,NorthRound,94.5,1593.8805,112,158,4,90,7,17,43,69,2,24
13,NorthRound,96.5,1635.6185,100,180,10,71,3,12,59,59,1,23
13,NorthRound,98.5,1677.3565,85,160,6,95,4,13,66,51,2,23
13,NorthRound,100.5,1719.0945,95,133,3,102,4,16,88,56,1,18
13,NorthRound,102.5,1760.8325,81,137,6,123,4,17,59,59,1,21
13,NorthRound,104.5,1802.5705,117,97,11,98,4,25,78,53,0,23
13,NorthRound,106.5,1844.3085,96,110,8,143,7,26,61,35,0,21
13,NorthRound,108.5,1886.0465,84,103,9,153,3,23,66,40,0,22
13,NorthRound,110.5,1927.7845,121,166,2,120,3,26,55,31,2,25
13,NorthRound,112.5,1969.5225,128,115,6,107,6,17,55,55,0,20
13,NorthRound,114.5,2011.2605,129,152,4,95,8,28,47,42,0,19
13,NorthRound,116.5,2052.9985,112,100,2,133,11,17,63,39,2,22
13,NorthRound,119.5,2115.6055,127,111,4,144,6,14,55,32,1,29
13,NorthRound,124,2209.516,155,112,3,130,3,15,51,26,2,15
13,NorthRound,128,2292.992,136,108,7,120,11,17,55,24,3,21
13,NorthRound,132,2376.468,144,91,10,103,8,8,63,37.5,1,23
13,NorthRound,136,2459.944,138,96,2,123,5,12,70,40,1,23
13,NorthRound,140,2543.42,172,72,3,105,7,18,62,29.5,2,40
13,NorthRound,145,2647.765,149,108,7,115,5,14,57,39.5,3,27
13,NorthRound,148,2710.372,123,113,5,118,6,23,71,43.5,0,22
13,NorthRound,152,2793.848,154,122,3,109,6,10,57,40.5,2,29
13,NorthRound,156,2877.324,139,108,4,154,6,18,91,52.5,1.5,15
13,NorthRound,160,2960.8,134,117,2,124,3,12,107,37,1,25
13,NorthRound,164,3044.276,144,91,3,119,8,17,66,29,0,22
13,NorthRound,168,3127.752,126,70,3,134,6,17,73,41.5,0,20
13,NorthRound,172,3211.228,143,101,4,123,4,13,56,28.5,2,15
13,NorthRound,176,3294.704,167,110,2,156,5,14,75,36,1,10
13,NorthRound,180,3378.18,145,96,1,130,8,8,83,28.5,0,12
13,NorthRound,184,3461.656,177,99,4,92,7,19,81,67,4,20
14,North,1,-38.312,115,162,2,128,12,21,55,55,10,24
14,North,4,2.752,154,185,2,117,5,23,65,56,9,33
14,North,8,57.504,113,141,3,102,4,15,49,36,12,17
14,North,12,112.256,151,181,3,109,5,32,63,40,11,43
14,North,16,167.008,136,149,3,117,8,19,59,41,9,28
14,North,20,332.48,139,157,3,125,6,21,58,36,6,31
14,North,24,497.96,122,105,4,110,9,15,61,38,3,39
14,North,28,663.44,102,131,1,127,10,21,67,47,2,34
14,North,32,828.92,105,136,5,116,8,17,43,50,0,46
14,North,36,994.4,110,136,7,108,10,21,53,41,8,36
14,North,40,1159.88,154,159,2,130,7,26,53,56,4,41
14,North,44,1325.36,146,110,2,122,8,14,51,42,3,27
14,North,48,1490.84,153,128,1,114,6,30,35,42,6,27
14,North,52,1656.32,121,103,0,108,8,23,68,62,1,38
14,North,56,1834.716,154,151,1,118,13,22,71,42,0,40
14,North,60,2014.94,290,197,3,150,9,36,146,70,0,52
14,North,64,2195.164,149,145,2,126,14,22,68,40,1,53
14,North,68,2375.388,153,110,2,107,8,30,77,43,2,44
14,North,72,2555.612,136,128,4,86,13,31,105,66,0,37
14,North,76,2735.836,139,132,2,62,16,14,78,43,3,44
14,North,80,2916.06,142,129,1,58,4,27,91,37,0,38
14,North,84,3096.284,108,121,2,65,7,40,95,49,3,45
14,North,88,3276.508,140,130,1,41,7,36,96,44,5,50
14,North,92,3456.732,153,149,4,49,9,35,118,70,2,51
14,North,96,3636.956,132,125,2,44,8,27,112,56,1,42
14,North,100,3817.18,143,134,0,29,9,36,90,48,1,32
14,North,104,3997.404,125,104,1,34,14,26,83,54,2,47
14,North,108,4139.536,142,130,1,23,7,20,103,49,0,46
14,North,112,4218.204,148,135,0,18,10,39,100,33,2,59
14,North,116,4296.872,178,149,1,37,12,32,109,55,2,66
14,North,120,4375.54,127,146,4,25,9,32,84,32,0,36
14,North,124,4454.208,161,150,1,22,14,31,73,41,1,60
15,Otter,1,-41.8627,23,194,3,51,10,11,150,71,6,35
15,Otter,5,-33.3135,27,192,7,45,13,3,157,46,3,24
15,Otter,8.5,-25.83295,29,237,4,62,8,8,182,79,7,24
15,Otter,11,-20.4897,26,216,10,43,11,9,136,59,7,25
15,Otter,15,-11.9405,28,195,6,54,12,11,158,60,4,38
15,Otter,19,-3.3913,28,185,11,58,11,16,114,56,4,25
15,Otter,21,0.8833,36,196,0,59,2,12,134,83,9,30
15,Otter,25,9.4325,33,168,25,51,8,13,111,72,12,30
15,Otter,29,17.9817,36,176,9,47,13,16,110,73,8,30
15,Otter,32.5,25.46225,32,167,25,52,6,8,103,74,6,21
15,Otter,33.5,27.59955,37,177,11,49,14,14,147,84,9,32
15,Otter,35.5,31.87415,19,159,19,56,9,11,115,59,13,25
15,Otter,37.5,36.14875,23,116,3,47,10,8,108,88,7,32
15,Otter,41.5,44.69795,36,166,13,59,7,7,137,84,8,19
15,Otter,42.5,46.83525,50,169,19,45,13,18,108,107,11,25
15,Otter,44.5,51.10985,39,144,10,39,8,14,95,80,8,41
15,Otter,47.5,57.52175,38,127,11,49,5,8,139,93,10,29
15,Otter,49.5,61.79635,51,123,11,64,10,12,127,135,13,12
15,Otter,51.5,66.07095,39,113,14,78,6,8,123,95,11,23
15,Otter,56,75.6888,53,123,15,76,13,8,128,131,8,28
15,Otter,59.5,83.16935,37,100,27,56,3,15,116,88,8,29
15,Otter,61.5,87.44395,33,93,15,58,3,12,88,106,8,32
15,Otter,64.5,93.85585,49,132,14,68,8,19,133,109,12,35
15,Otter,67.5,100.26775,35,113,27,66,14,7,126,89,10,15
15,Otter,69.5,104.54235,37,98,8,63,6,12,143,109,10,36
15,Otter,72.5,110.95425,34,118,5,65,7,18,123,125,4,23
15,Otter,75.5,117.36615,55,116,23,81,5,7,106,106,8,22
15,Otter,77.5,121.64075,38,102,5,67,15,13,128,114,10,19
15,Otter,80.5,128.05265,48,123,22,59,9,19,140,118,12,22
15,Otter,84.5,136.60185,45,116,8,55,3,19,152,91,15,40
15,Otter,87.5,143.01375,34,130,26,79,4,3,129,76,14,22
15,Otter,89.5,147.28835,55,138,26,75,7,16,165,123,15,24
15,Otter,91.5,151.56295,56,103,10,78,8,15,149,105,13,32
15,Otter,94.5,157.97485,34,107,17,73,6,8,128,103,5,25
15,Otter,96.5,162.24945,43,112,10,59,10,12,134,87,7,26
15,Otter,98.5,166.52405,51,107,4,49,5,12,157,103,5,11
15,Otter,100.5,170.79865,40,109,20,72,8,8,125,88,6,13
15,Otter,102.5,180.4875,47,113,16,81,5,6,152,75,4,23
15,Otter,105.5,219.5925,61,99,3,71,10,9,162,110,11,33
15,Otter,107.5,245.6625,53,116,15,82,10,18,141,108,10,33
15,Otter,112.5,310.8375,44,113,13,64,8,12,124,119,9,37
15,Otter,114.5,336.9075,49,112,12,64,3,18,167,96,6,40
15,Otter,116.5,362.9775,40,103,15,58,5,8,169,118,8,24
15,Otter,118.5,389.0475,60,120,19,73,9,8,152,104,7,32
15,Otter,121.5,428.1525,79,166,4,100,23,23,236,158,12,36
15,Otter,123.5,454.2225,92,118,4,120,13,15,184,136,11,25
15,Otter,126.5,493.3275,72,113,6,93,15,16,139,134,7,20
15,Otter,129.5,532.4325,65,115,1,88,11,13,134,117,8,27
15,Otter,132.5,571.5375,63,122,7,88,15,8,142,118,14,25
15,Otter,134.5,597.6075,48,96,5,85,12,8,139,76,9,26
15,Otter,136.5,629.495,56,115,4,77,15,7,151,88,13,29
15,Otter,138.5,678.755,56,117,2,95,11,12,120,93,8,12
15,Otter,140.5,728.015,50,108,6,75,9,20,139,63,10,26
15,Otter,142.5,777.275,54,114,13,86,10,14,160,49,3,35
15,Otter,144.5,826.535,49,125,10,80,9,12,148,59,11,29
15,Otter,148,912.74,69,92,7,82,13,13,132,69,8.5,21
15,Otter,151.5,998.945,66,131,8,76,9,11,147,87,5,21
15,Otter,152,1011.26,72,129,4,51,6,14,129,93.5,4,25
15,Otter,153.5,1048.205,61,123,13,82,10,15,132,100,9,33
15,Otter,156,1109.78,81,96,4,62,15,15,167,67,3.5,26
15,Otter,157.5,1146.725,71,128,8,81,10,15,151,97,8,30
15,Otter,160,1208.3,98,99,4,102,3,15,110,96,5,17
15,Otter,164,1306.82,97,81,6,94,19,10,108,81,3.5,22
15,Otter,168,1405.34,89,91,9,98,7,9,133,74.5,7.5,30
15,Otter,172,1503.86,97,96,3,79,5,13,106,75.5,2.5,20
15,Otter,176,1602.38,96,87,5,90,5,6,112,74,2.5,20
15,Otter,180,1700.9,77,92,4,66,10,7,110,104,6,24
15,Otter,184,1799.42,85,89,4,77,8,8,114,103,6,22
15,Otter,188,1897.94,70,73,5,68,9,7,119,106.5,9,26
15,Otter,192,1996.46,102,95,0,85,12,7,99,82,7,29
15,Otter,196,2094.98,74,99,8,65,9,12,92,105.5,4,16
15,Otter,200,2193.5,75,82,4,91,9,8,102,112,8,21
15,Otter,204,2292.02,66,70,4,82,8,5,104,132.5,3,15
16,Pecker,1,-44.9395,52,111,8,53,6,19,141,105,0,24
16,Pecker,3,-40.8185,54,154,17,39,8,13,144,79,2,31
16,Pecker,5,-36.6975,50,168,22,42,5,19,107,82,3,23
16,Pecker,7,-32.5765,52,172,37,41,6,20,79,81,4,30
16,Pecker,9,-28.4555,37,174,35,32,4,25,90,69,8,26
16,Pecker,11,-24.3345,72,155,25,40,10,15,77,85,3,32
16,Pecker,13,-20.2135,65,145,33,49,3,13,105,80,10,24
16,Pecker,15,-16.0925,65,150,33,52,1,14,67,79,19,17
16,Pecker,17,-11.9715,58,150,34,53,3,16,92,86,5,18
16,Pecker,19,-7.8505,58,151,55,45,2,15,68,69,7,29
16,Pecker,21,-3.7295,60,162,46,51,3,15,77,76,13,21
16,Pecker,23,0.3915,62,156,32,51,3,13,73,92,11,22
16,Pecker,25,4.5125,53,176,43,63,4,12,65,69,4,15
16,Pecker,27,8.6335,57,151,63,42,0,18,76,88,5,20
16,Pecker,29,12.7545,56,148,53,55,2,16,65,72,4,35
16,Pecker,31,16.8755,65,147,59,41,3,18,76,56,7,21
16,Pecker,33,20.9965,54,149,56,60,2,10,98,83,3,23
16,Pecker,35,25.1175,77,147,40,41,3,18,88,83,2,19
16,Pecker,37,29.2385,66,150,64,55,7,15,53,75,5,27
16,Pecker,39,33.3595,88,160,34,59,4,13,62,82,1,20
16,Pecker,41,56.888,46,135,48,71,2,13,102,64,10,24
16,Pecker,43,99.804,62,152,47,67,3,9,69,85,5,21
16,Pecker,45,142.72,57,137,54,51,3,19,79,78,10,18
16,Pecker,47,185.636,67,153,28,50,3,13,93,78,4,24
16,Pecker,49,228.552,81,154,42,50,6,12,84,59,6,24
16,Pecker,51,281.279,76,137,49,89,3,21,70,61,5,27
16,Pecker,53,343.937,73,151,40,71,3,16,73,58,10,27
16,Pecker,55,406.595,82,143,34,80,3,13,78,59,5,14
16,Pecker,57,469.253,94,117,42,85,4,17,65,59,6,17
16,Pecker,59,531.911,103,115,19,105,3,21,70,46,1,20
16,Pecker,61,594.569,117,110,19,95,1,15,67,52,1,24
16,Pecker,63,657.227,111,124,27,94,3,19,63,41,2,29
16,Pecker,65,719.885,96,135,24,100,3,17,68,51,3,22
16,Pecker,67,782.543,83,148,17,108,4,21,71,49,5,19
16,Pecker,69,854.829,108,128,15,103,5,19,56,48,5,21
16,Pecker,71,927.111,103,125,17,117,4,13,70,42,2,14
16,Pecker,73,999.393,109,133,10,125,2,13,54,46,4,25
16,Pecker,75,1071.675,119,114,10,114,3,19,68,39,3,22
16,Pecker,77,1143.957,134,126,18,103,2,15,52,36,5,21
16,Pecker,79,1216.239,135,94,12,106,5,21,58,38,4,26
16,Pecker,81,1288.521,127,94,17,107,3,20,65,51,2,27
16,Pecker,83,1360.803,145,112,14,120,4,24,67,42,3,11
16,Pecker,85,1433.085,115,113,4,119,3,21,89,25,3,26
17,Pickerel,4,-38.32,20,76,2,21,19,5,208,135,6,23
17,Pickerel,8,-24.64,10,70,2,24,13,7,207,117,7,43
17,Pickerel,12,-10.96,11,84,3,24,12,12,181,147,2,38
17,Pickerel,16,2.72,6,55,1,29,11,1,201,160,4,30
17,Pickerel,20,16.4,22,71,7,28,8,4,148,173,5,26
17,Pickerel,24,30.08,11,91,9,23,16,5,151,156,4,33
17,Pickerel,28,43.76,24,84,5,18,13,5,161,140,3,55
17,Pickerel,32,57.44,13,89,5,28,10,1,150,176,3,34
17,Pickerel,36,71.12,9,91,4,16,9,5,162,132,3,57
17,Pickerel,41,88.22,11,101,2,14,19,1,168,186,3,15
17,Pickerel,44,98.48,16,89,2,27,9,3,173,157,8,32
17,Pickerel,48,112.16,20,82,0,15,17,0,154,176,8,34
17,Pickerel,52,125.84,21,91,1,27,17,1,151,170,6,28
17,Pickerel,56,139.52,27,66,8,29,13,2,143,190,8,24
17,Pickerel,61,156.62,26,75,2,26,14,5,155,166,9,38
17,Pickerel,64,166.88,12,71,3,30,16,2,163,176,4,35
17,Pickerel,68,180.56,21,69,9,29,12,7,142,185,10,35
17,Pickerel,72,194.24,18,53,8,30,12,4,177,189,5,29
17,Pickerel,76,207.92,16,61,3,29,16,3,158,189,4,46
17,Pickerel,80,221.6,28,57,2,21,18,3,157,186,7,27
17,Pickerel,84,235.28,20,82,4,19,17,4,159,173,8,35
17,Pickerel,88,248.96,16,61,1,29,16,4,167,176,5,22
17,Pickerel,92,262.64,22,68,5,20,12,5,163,173,3,26
17,Pickerel,96,276.32,18,65,2,33,14,3,173,179,5,29
17,Pickerel,100,290,18,64,3,30,20,6,162,172,5,31
17,Pickerel,104,357.24,38,62,2,23,12,0,156,187,2,31
17,Pickerel,108,424.48,26,81,2,21,16,1,182,154,4,27
17,Pickerel,112,491.72,26,52,2,35,18,2,181,188,3,19
17,Pickerel,116,558.96,30,64,2,43,10,1,125,216,6,24
17,Pickerel,124,693.44,20,72,1,27,14,4,171,184,3,17
17,Pickerel,132,827.92,28,78,2,53,20,4,172,158,3,21
17,Pickerel,140,962.4,16,71,1,40,12,7,167,182,1,22
17,Pickerel,148,1096.88,26,50,1,29,26,3,175,166,3,39
17,Pickerel,156,1231.36,36,48,1,41,20,1,155,230,3,15
17,Pickerel,164,1365.84,30,61,2,36,17,4,176,166,1,18
17,Pickerel,172,1500.32,36,54,2,34,22,1,172,194,2,21
17,Pickerel,180,1627.12,37,64,1,25,16,2,197,179,1,24
17,Pickerel,188,1855.232,40,54,0,24,19,4,156,179,2,34
17,Pickerel,192,1969.288,41,34,1,38,12,5,174,190,3,28
17,Pickerel,200,2197.4,38,65,6,29,15,2,174,184,1,29
17,Pickerel,208,2425.512,37,51,2,26,13,5,181,178,0,27
17,Pickerel,216,2653.624,41,48,0,34,11,4,170,180,1,26
17,Pickerel,224,2881.736,54,58,0,38,25,5,186,134,0,29
17,Pickerel,232,3109.848,47,57,3,21,16,6,210,145,1,29
17,Pickerel,240,3337.96,42,37,1,26,22,4,240,131,0,24
17,Pickerel,248,3566.072,48,55,1,24,15,4,217,136,1,32
17,Pickerel,256,3794.184,27,45,0,10,23,5,232,158,2,35
18,Quag,0,-44,17,224,7,37,4,17,114,48,3,45
18,Quag,2,-27.534,31,197,3,38,6,27,128,52,1.5,35
18,Quag,4,-11.068,43,207,9,52,1,18,104,60,3,21
18,Quag,6,5.398,63,161,19,51,3,20,90,60,16,34
18,Quag,8,21.864,46,206,28,61,2,27,77,44,12,34
18,Quag,10,38.33,33,171,12,64,10,13,100,71,23,16
18,Quag,12,54.796,58,162,13,67,3,8,84,80,21,36
18,Quag,14,76.328,68,130,5,72,8,17,102,68,13,19
18,Quag,16,102.922,83,107,13,96,5,10,86,66,30,13
18,Quag,18,129.516,68,127,11,99,5,19,75,68,34,13
18,Quag,20,156.11,61,104,16,68,3,18,101,80,31,25
18,Quag,22,182.704,58,129,6,99,2,9,108,81,17,15
18,Quag,24,214.912,56,110,12,114,7,17,71,80,20,23
18,Quag,26,252.748,64,119,8,106,13,11,74,72,29,19
18,Quag,28,290.584,76,125,11,39,2,16,89,41,33,23
18,Quag,30,328.42,57,127,11,116,7,14,82,64,39,21
18,Quag,32,366.256,79,107,6,121,5,13,87,71,21.5,19
18,Quag,34,404.092,57,110,16,118,3,9,78,72,28.5,20
18,Quag,36,441.928,72,137,13,81,0,9,91,63,20,26
18,Quag,39,498.682,72,123,11,99,8,10,101,46,21,19
18,Quag,41,536.518,83,133,5,129,0,17,70,33,20,24
18,Quag,43,574.354,75,124,7,104,7,18,87,43,24,16
18,Quag,46,626.536,105,146,7,105,3,11,62,42,14,14
18,Quag,49,669.532,103,116,8,110,7,10,98,55,13,17
18,Quag,51,698.196,99,122,7,87,5,9,82,46,26,20
18,Quag,53,726.86,126,92,15,110,10,10,67,36,25.5,20
18,Quag,55,755.524,123,134,8,95,11,19,56,37,21.5,24
18,Quag,57,784.188,133,87,8,92,11,30,84,32,17.5,19
18,Quag,59,812.852,103,104,11,122,4,15,65,48,26.5,20
18,Quag,61,841.516,115,104,6,125,8,12,53,42,24,18
18,Quag,63,870.18,133,91,5,149,5,12,55,50,9,13
18,Quag,65,898.844,108,114,5,131,5,13,69,26,8,22
18,Quag,67,927.508,114,85,10,138,1,18,64,53,3,18
18,Quag,69,956.172,109,114,3,150,6,15,63,38,16,12
18,Quag,73,1013.5,137,79,2,129,4,18,62,45,9,18
18,Quag,78,1085.16,145,73,4,132,4,8,63,36.5,9.5,19
18,Quag,82,1142.488,120,88,3,172,5,9,51,34.5,9.5,18
18,Quag,86,1199.816,171,82,2,130,2,9,56,51,4,17
18,Quag,91,1271.476,130,87,2,133,4,14,67,39.5,4,24
18,Quag,95,1328.804,131,86,3,131,4,12,66,53,6,12
18,Quag,101,1414.796,148,78,5,118,1,15,72,58.5,5.5,27
18,Quag,105,1472.124,138,63,1,140,6,13,65,39,5.5,26
18,Quag,109,1529.452,145,58,2,148,4,13,63,53,1,16
18,Quag,114,1601.112,132,73,1,123,6,10,80,54.5,2.5,22
18,Quag,118,1658.44,118,66,1,139,4,14,60,72.5,4.5,24
18,Quag,124,1744.432,124,83,3,114,8,13,78,42.5,3,27
18,Quag,128,1801.76,118,87,1,118,5,20,62,48,1,24
18,Quag,131,1844.756,128,61,1,127,5,18,74,58.5,3.5,18.5
18,Quag,141,1988.076,140,56,2,141,7,13,63,49,8.2,24
18,Quag,145,2045.404,137,69,2,144,5,15,60,54,6.5,24
18,Quag,149,2102.732,131,71,0,129,7,19,56,50,4.5,23.5
18,Quag,153,2160.06,129,50,2,130,7,15,53,71.5,2.5,35
18,Quag,157,2217.388,154,50,1,131,11,12,64,68.5,0,22
18,Quag,161,2274.716,157,52,0,159,3,13,58,70.5,1,23
18,Quag,165,2332.044,142,43,0,142,8,12,74,79.5,2,28
18,Quag,169,2389.372,148,53,1,148,8,9,59,69,3,27
18,Quag,173,2446.7,145,51,1,154,6,17,53,52,2,23
18,Quag,177,2504.028,156,41,1,127,9,17,75,64.5,1.5,29
19,Silver,1,-38.1579,20,107,3,21,1,15,176,75,0,28
19,Silver,3,-24.4737,13,129,6,17,5,9,153,75,0,26
19,Silver,5,-10.7895,11,100,6,19,2,13,162,74,2,27
19,Silver,7,2.8947,7,103,4,9,6,13,201,63,3,27
19,Silver,9,16.5789,7,121,4,15,2,7,180,66,1,21
19,Silver,11,30.2631,9,107,5,15,3,18,162,67,3,20
19,Silver,13,43.9473,20,124,7,20,5,6,131,79,2,28
19,Silver,15,57.6315,9,112,6,18,3,4,121,86,4,21
19,Silver,17,71.3157,18,91,9,24,6,12,127,81,5,17
19,Silver,19,84.9999,24,103,10,25,2,6,102,103,4,19
19,Silver,21,98.6841,20,93,14,31,1,9,92,113,5,19
19,Silver,23,112.3683,23,104,11,27,4,16,76,102,2,19
19,Silver,25,126.0525,24,111,4,35,6,3,106,132,5,19
19,Silver,27,139.7367,28,112,10,30,4,10,100,101,5,7
19,Silver,29,153.4209,8,104,14,34,7,8,103,92,4,22
19,Silver,31,167.1051,22,105,18,31,2,7,111,96,3,23
19,Silver,33,180.7893,32,120,15,29,7,7,117,113,4,23
19,Silver,35,194.4735,27,99,23,22,5,9,111,102,4,19
19,Silver,37,208.1577,39,111,6,30,2,9,119,104,2,17
19,Silver,39,236.84,46,125,20,34,2,7,92,95,6,21
19,Silver,41,280.52,43,113,11,40,5,9,118,114,4,18
19,Silver,43,324.2,37,108,23,33,9,13,94,90,5,23
19,Silver,45,367.88,37,99,14,48,3,3,105,105,1,31
19,Silver,47,411.56,39,113,20,40,3,16,85,114,3,13
19,Silver,49,455.24,54,110,20,52,4,10,103,110,1,12
19,Silver,51,498.92,64,118,23,34,4,8,100,101,3,19
19,Silver,55,586.28,53,113,16,43,10,11,83,84,3,17
19,Silver,57,629.96,50,97,9,54,5,10,109,94,3,31
19,Silver,59,656.8,61,120,13,34,6,13,86,88,4,27
19,Silver,61,666.8,61,126,9,41,2,12,93,105,7,21
19,Silver,63,676.8,59,114,13,41,10,4,116,81,3,14
19,Silver,65,686.8,43,99,9,61,7,14,110,122,3,15
19,Silver,67,696.8,73,125,21,59,4,13,100,106,4,18
19,Silver,69,706.8,58,128,6,54,1,8,110,93,3,22
19,Silver,71,716.8,59,114,9,38,5,13,95,92,2,22
19,Silver,73,726.8,73,98,1,62,5,12,84,111,2,10
19,Silver,75,736.8,68,101,16,35,2,11,103,113,5,17
19,Silver,77,746.8,56,119,12,57,7,7,112,82,1,12
19,Silver,79,756.8,51,128,22,48,1,10,89,99,3,23
19,Silver,81,766.8,47,120,6,47,2,9,101,108,4,10
19,Silver,83,776.8,55,129,17,59,2,11,91,93,2,12
19,Silver,85,786.8,57,124,5,45,7,12,98,111,5,15
19,Silver,87,796.8,48,113,11,50,5,15,87,103,3,20
19,Silver,89,806.8,62,95,15,50,11,12,113,100,1,17
19,Silver,91,816.8,45,107,13,46,1,12,86,123,4,19
19,Silver,102.5,874.3,103,111,3,152,5,8,87,55,1.5,12
19,Silver,104.5,884.3,96,105,6,143,2,9,90,68,1.5,12
19,Silver,106.5,894.3,97,106,8,157,2,13,78,68,0,26
19,Silver,108.5,904.3,104,108,6,133,2,7,71,79,2.5,24
19,Silver,110.5,914.3,97,119,9,116,2,11,79,103.5,1,27
19,Silver,112.5,924.3,67,124,7,105,5,14,103,68,0,24
19,Silver,114.5,934.3,71,116,2,117,7,17,111,67,2.5,18
19,Silver,116.5,944.3,63,129,8,105,5,18,109,61,0,13
19,Silver,118.5,954.3,85,90,5,96,6,11,110,92,2,18
19,Silver,120.5,964.3,54,112,5,104,8,14,117,75,2,19
19,Silver,122.5,974.3,72,115,3,130,3,12,81,91,2,16
19,Silver,124.5,984.3,68,93,6,133,3,24,103,80,2,16
19,Silver,126.5,994.3,65,131,8,123,5,16,105,74,0,12
19,Silver,128.5,1004.3,94,130,8,87,13,19,79,75,1,26
19,Silver,130.5,1014.3,76,116,3,81,6,13,104,91,2,21
19,Silver,132.5,1024.3,81,116,3,86,2,15,117,93,1,25
19,Silver,134.5,1034.3,81,89,5,111,2,12,110,88,2,22
19,Silver,136.5,1044.3,82,116,3,108,12,14,90,84,0,27
19,Silver,138.5,1054.3,79,87,3,113,6,13,102,82,0,26
19,Silver,140.5,1064.3,100,82,4,93,6,19,90,108,1,26
19,Silver,142.5,1074.3,113,65,5,132,5,11,98,91,1,18
19,Silver,144.5,1084.3,110,57,3,113,8,11,109,92,1,38
19,Silver,146.5,1094.3,97,68,5,108,5,8,96,125,0,26
19,Silver,148.5,1104.3,92,71,5,102,5,22,123,93,0,15
20,Snake,1,-33.05,21,122,0,51,3,16,123,145,5,29
20,Snake,3,-15.15,43,120,4,54,6,13,107,137,17,23
20,Snake,5,2.75,51,128,2,46,7,24,102,116,8,27
20,Snake,7,20.65,55,135,8,82,7,17,92,116,17,23
20,Snake,9,38.55,66,131,2,82,3,11,83,117,16,17
20,Snake,11,55.075,60,109,3,94,2,14,85,97,14,30
20,Snake,13,70.225,63,118,10,90,4,12,76,109,16,19
20,Snake,15,85.375,69,126,5,43,2,13,94,93,16,37
20,Snake,17,100.525,54,116,9,62,5,16,93,118,18,39
20,Snake,19,115.675,41,129,10,54,2,34,97,125,5,26
20,Snake,21,130.825,40,118,10,59,3,11,98,121,8,32
20,Snake,23,145.975,62,133,6,66,5,15,84,112,15,23
20,Snake,25,161.125,37,122,2,64,11,17,98,106,16,21
20,Snake,27,176.275,50,134,12,45,5,21,83,119,13,25
20,Snake,29,191.425,54,127,8,71,3,10,106,107,15,19
20,Snake,31,225.44,40,109,10,66,2,13,99,129,13,20
20,Snake,33,278.32,41,139,2,97,7,14,89,127,19,26
20,Snake,35,331.2,51,140,7,75,2,17,120,60,12,22
20,Snake,37,384.08,61,123,5,97,5,19,85,71,9,32
20,Snake,39,436.96,82,101,5,125,2,19,82,59,17,27
20,Snake,41,489.84,93,101,3,125,6,23,90,40,6,17
20,Snake,43,542.72,108,100,7,129,3,16,71,41,22,24
20,Snake,45,595.6,87,117,8,123,6,21,87,52,9,24
20,Snake,47,673.509,109,120,8,135,6,18,80,46,21,23
20,Snake,49,751.403,119,110,6,139,9,14,76,38,7,17
20,Snake,51,829.297,117,81,3,159,4,21,75,43,9,14
20,Snake,53,907.191,114,108,4,158,6,12,72,39,5,24
20,Snake,55,985.085,94,78,3,157,5,22,81,43,2,20
20,Snake,57,1062.979,112,78,8,138,7,17,85,26,3,27
20,Snake,59,1140.873,105,88,4,150,6,21,78,41,3,27
20,Snake,61,1215.159,117,85,0,138,3,30,85,32,5,17
20,Snake,63,1285.937,105,96,2,149,4,20,84,54,3,24
20,Snake,65,1356.715,121,75,5,146,4,15,73,57,7,22
20,Snake,67,1427.493,84,85,1,175,7,17,83,52,5,22
20,Snake,69,1498.271,83,98,5,148,3,19,84,53,8,19
20,Snake,71,1569.049,88,75,2,158,0,19,82,73,2,18
20,Snake,73,1639.827,106,91,4,182,7,16,76,47,10,20
20,Snake,75,1710.605,118,88,2,162,5,16,63,42,4,32
20,Snake,77,1781.383,116,86,5,139,4,21,94,36,4,24
20,Snake,79,1852.161,107,58,0,174,2,18,74,40,3,32
20,Snake,81,1916.14,105,54,3,176,4,23,86,40,11,26
20,Snake,83,1980.12,130,62,3,170,9,15,82,52,2,23
20,Snake,85,2044.1,126,50,4,182,6,19,67,52,4,19
20,Snake,87,2108.08,140,60,3,146,3,15,94,39,5,20
20,Snake,89,2172.06,110,78,2,135,9,26,85,39,2,18
20,Snake,91,2236.04,126,76,0,118,6,23,93,44,4,32
20,Snake,93,2300.02,120,85,3,132,10,16,84,53,2,22
20,Snake,95,2364,113,68,10,135,3,18,81,62,2,21
20,Snake,97,2427.98,131,76,4,151,4,13,64,57,2,27
20,Snake,99,2491.96,114,56,3,144,4,25,99,41,2,31
21,Uncas,0,-52,0,17,0,3,5,2,61,23,1,9
21,Uncas,4,-29.2,11,78,1,19,22,8,244,108,6,20
21,Uncas,8,-6.4,14,97,4,21,18,12,236,52,3,21
21,Uncas,12,16.4,13,95,5,17,18,8,266,47,3,27
21,Uncas,16,39.2,18,110,7,17,18,3,229,67,5,26
21,Uncas,20,62,21,97,2,23,18,13,224,70,3,20
21,Uncas,24,84.8,16,116,15,19,23,4,218,83,6,29
21,Uncas,28,107.6,17,111,11,10,28,8,217,112,4,26
21,Uncas,32,130.4,16,94,5,19,10,5,193,107,4,35
21,Uncas,36,153.2,16,84,4,11,21,6,203,91,6,18
21,Uncas,40,176,16,94,5,11,20,4,219,87,6,19
21,Uncas,44,198.8,28,59,2,14,11,9,267,96,7,12
21,Uncas,48,221.6,29,79,4,18,26,8,232,75,5,17
21,Uncas,52,244.4,16,72,3,22,21,10,275,56,3,23
21,Uncas,56,267.2,22,74,3,43,19,10,242,61,7,19
21,Uncas,60,290,19,75,10,28,22,10,248,51,7,31
21,Uncas,64,330.55,25,85,2,29,28,8,236,65,4,21
21,Uncas,68,371.09,20,74,3,37,22,6,260,49,5,24
21,Uncas,72,411.63,14,64,3,30,30,8,240,58,6,28
21,Uncas,76,452.17,21,59,5,30,20,9,249,47,4,23
21,Uncas,80,492.71,31,64,3,20,22,12,277,46,6,34
21,Uncas,84,533.25,21,64,4,24,21,5,276,41,6,32
21,Uncas,88,573.79,22,76,3,43,23,8,250,53,12,19
21,Uncas,92,614.33,29,56,2,37,25,12,254,50,5,20
21,Uncas,96,654.87,28,64,4,37,25,10,276,43,2,25
21,Uncas,100,695.41,25,64,5,33,15,10,269,52,4,26
21,Uncas,104,744.8,45,56,4,30,13,12,270,30,3,24
21,Uncas,108,820.8,32,56,3,30,18,8,297,24,5,20
21,Uncas,112,896.8,35,71,2,50,26,9,284,24,5,25
21,Uncas,116,972.8,36,69,2,35,23,11,296,35,3,27
21,Uncas,120,1048.8,22,66,9,36,24,8,269,35,1,16
21,Uncas,124,1124.8,40,61,0,33,23,12,269,37,6,28
21,Uncas,128,1200.8,36,55,3,47,12,10,303,49,3,13
21,Uncas,132,1276.8,41,64,2,59,15,6,241,42,6,19
21,Uncas,136,1348.998,44,53,3,46,23,9,293,51,3,35
21,Uncas,140,1409.97,36,69,4,33,21,7,282,33,4,38
21,Uncas,144,1470.942,31,60,0,40,19,7,263,34,2,25
21,Uncas,148,1531.914,28,49,1,32,16,11,271,57,3,23
21,Uncas,152,1592.886,37,59,2,53,38,7,356,50,0,23
21,Uncas,156,1653.858,34,60,0,37,28,13,304,48,3,28
21,Uncas,160,1714.83,30,55,2,30,36,9,308,51,0,22
21,Uncas,164,1775.802,25,44,0,28,30,6,318,65,0,17
21,Uncas,168,1836.774,30,58,1,29,20,11,337,51,1,29
21,Uncas,172,1897.746,44,50,1,29,20,10,310,64,1,39
21,Uncas,176,1958.718,38,46,4,24,19,10,322,63,0,28
21,Uncas,180,2019.69,37,56,1,23,30,6,294,53,2,23
21,Uncas,184,2080.662,39,39,0,25,23,8,298,73,3,23
21,Uncas,188,2141.634,42,49,3,32,22,9,318,71,1,26
21,Uncas,192,2202.606,51,41,1,19,21,8,274,62,1,24
21,Uncas,196,2259.476,47,46,0,34,20,8,245,71,1,25
21,Uncas,200,2303.752,32,61,1,44,15,8,325,66,2,18
21,Uncas,204,2348.028,34,42,0,24,20,12,278,53,1,22
21,Uncas,208,2392.304,36,41,0,26,15,10,279,52,6,29
21,Uncas,212,2436.58,36,69,0,35,7,13,274,62,2,24
21,Uncas,216,2480.856,32,44,0,28,18,14,278,51,3,26
21,Uncas,220,2525.132,38,77,0,25,24,10,291,74,1,31
21,Uncas,224,2569.408,45,37,0,21,12,8,255,72,2,27
21,Uncas,228,2613.684,42,50,0,30,21,6,286,77,1,17
21,Uncas,232,2657.96,45,60,1,34,16,7,257,58,2,30
21,Uncas,236,2702.236,42,57,0,32,24,13,285,50,0,24
21,Uncas,240,2746.512,28,53,0,21,16,7,290,49,2,26
21,Uncas,244,2790.788,42,62,0,27,19,20,291,58,2,19
21,Uncas,248,2835.064,40,54,0,23,12,10,339,50,1,23
21,Uncas,252,2879.34,35,50,1,22,21,8,297,56,0,29
21,Uncas,256,2923.616,32,30,1,23,15,7,338,52,0,26
21,Uncas,260,2967.892,34,33,0,19,22,3,312,37,0,25
22,Walden,0,-50,2,48,1,3,17,9,230,164.5,2,28
22,Walden,2,-33.996,2,95,1,2,4,11,319,127.5,4,27
22,Walden,4,-17.992,3,87,0,19,12,10,319,185.5,2,20
22,Walden,6,-1.988,0,96,1,9.5,11,7,238,115,1.5,24
22,Walden,8,14.016,5,105,0,5,9,12,238,109,4.5,20
22,Walden,10,30.02,3,180,6,9,7,8,222,43.5,2,34
22,Walden,12,46.024,2,135,30,5.5,7,11,154,86.5,9.5,54
22,Walden,14,67.75,13,98,10,22,11,10,213,122.5,10.5,27.5
22,Walden,16,95.22,18,103,7,17.5,4,7,207,128,7.5,22.5
22,Walden,18,122.69,11,74,9,22,9,13,277,93,2,15.5
22,Walden,20,150.16,19,88,12,23.5,12,12,330,163.5,22,29
22,Walden,22,177.63,11,61,7,22,16,7,266,138,5.5,13
22,Walden,24,205.1,9,68,7,27,8,4,224,146.5,10,14
22,Walden,26,232.57,17,59,5,29.5,9,4,193,138.5,5,25
22,Walden,28,260.04,15,68,3,31,11,9,214,131,4,25
22,Walden,30,287.51,16,65,5,27,5,11,235,116.5,10,18
22,Walden,32,314.98,21,76,4,28,17,6,176,125,12,27
22,Walden,34,375.874,23,62,5,32,14,10,228,89.5,9.5,19
22,Walden,36,436.736,23,65,6,17.5,11,8,234,88,5,22
22,Walden,38,497.598,17,68,4,25,8,6,232,81.5,10,30
22,Walden,40,558.46,26,81,16,47,12,6,258,129,22,25
22,Walden,44,680.184,38,72,10,42,12,6,311,113,9.5,20
22,Walden,48,763.925,22,75,5,28.5,11,3,246,70.5,7.5,27
22,Walden,52,835.025,20,80,7,39,5,11,229,58.5,6,28
22,Walden,56,906.125,25,63,4,43,9,9,270,97.5,13.5,22
22,Walden,60,977.225,30,64,5,49.5,14,10,269,62,9,29
22,Walden,64,1018.6588,26,64,5,37,12,3,248,59,7.5,22
22,Walden,68,1050.2056,26,65,2,48,11,10,211,72.5,12.5,20
22,Walden,72,1081.7524,27,60,10,32.5,10,7,284,93.5,10,25
22,Walden,76,1113.2992,31,64,5,41,11,6,262,68,7.5,17
22,Walden,80,1144.846,19,94,4,47,17,18,268,82.5,8.5,32
22,Walden,84,1176.3928,30,64,3,47.5,19,14,229,69.5,12.5,32
22,Walden,88,1207.9396,35,60,4,37.5,8,18,228,64.5,10,24
22,Walden,92,1236.9972,37,64,4,46,9,9,241,81,6.5,23
22,Walden,96,1258.5736,23,80,1,34.5,12,11,273,75,6.5,33
22,Walden,100,1280.15,29,46,4,31,7,12,262,74,6.5,21
22,Walden,104,1301.7264,22,55,4,40,3,12,217,94.5,4.5,31.5
22,Walden,108,1323.3028,30,81,6,38,4,9,281,99,3.5,29
22,Walden,112,1344.8792,31,51,6,33.5,4,10,281,80,4.5,34
22,Walden,116,1366.4556,39,72,1,40.5,14,7,380,129,8.5,29
22,Walden,120,1388.032,33,67,1,40,7,12,320,81,2,37
22,Walden,124,1409.6084,25,49,0,31.5,8,8,289,66.5,3,16
22,Walden,128,1431.1848,19,73,5,46,6,6,303,88.5,6.5,24
22,Walden,132,1452.7612,29,61,2,39,10,11,302,55,5.5,16
22,Walden,136,1474.3376,47,93,3,43,6,12,292,76.5,3,26
22,Walden,140,1495.914,27,69,2,29.5,13,9,279,72,2,23
23,Wickett,1.5,-34.1081,22,185,3,23,11,14,164,58,0,17
23,Wickett,3.5,-20.9189,15,229,16,26,6,16,121,48,2,27
23,Wickett,5.5,-7.7297,23,240,19,18,7,14,108,42,2,33
23,Wickett,7.5,5.4595,30,223,45,22,4,10,100,42,3,30
23,Wickett,9.5,18.6487,29,244,31,24,9,17,98,34,2,29
23,Wickett,11.5,31.8379,35,223,60,21,5,15,76,56,1,22
23,Wickett,13.5,45.0271,43,166,79,36,3,14,98,57,1,34
23,Wickett,15.5,58.2163,42,147,81,37,6,17,86,71,6,23
23,Wickett,17.5,71.4055,40,151,70,47,6,8,97,76,4,20
23,Wickett,19.5,84.5947,38,165,58,51,10,14,94,66,2,25
23,Wickett,21.5,94.2948,24,139,98,39,9,8,88,68,4,24
23,Wickett,23.5,102.8324,44,145,79,59,6,9,92,63,3,21
23,Wickett,25.5,111.37,38,100,84,43,5,11,107,84,5,26
23,Wickett,27.5,119.9076,26,147,74,57,2,15,102,58,5,21
23,Wickett,29.5,128.4452,32,148,68,51,4,16,116,62,1,28
23,Wickett,31.5,136.9828,38,116,71,53,4,13,101,76,1,27
23,Wickett,33.5,145.5204,43,122,85,49,6,16,94,87,2,22
23,Wickett,35.5,154.058,47,108,90,68,5,16,85,70,4,21
23,Wickett,37.5,162.5956,71,111,57,74,5,17,86,82,2,23
23,Wickett,39.5,216.5,45,110,67,75,4,12,93,80,2,20
23,Wickett,41.5,406.5,62,113,73,60,2,13,102,63,1,20
23,Wickett,43.5,596.5,78,152,50,67,8,13,98,46,2,18
23,Wickett,45.5,680.2095,90,149,40,71,3,11,97,61,1,16
23,Wickett,47.5,728.4675,75,142,45,78,4,15,104,52,2,23
23,Wickett,49.5,776.7255,91,148,43,80,3,9,85,53,1,25
23,Wickett,51.5,824.9835,94,163,42,64,4,11,88,48,2,19
23,Wickett,53.5,873.2415,79,123,34,91,7,12,97,56,1,30
23,Wickett,55.5,921.4995,99,119,19,81,8,16,99,43,1,19
23,Wickett,57.5,969.7575,97,141,27,102,7,13,62,48,1,24
23,Wickett,59.5,1022.0375,98,144,40,63,7,9,94,56,1,17
23,Wickett,61.5,1075.6875,87,122,32,73,13,11,87,62,0,18
23,Wickett,63.5,1129.3375,97,146,35,92,2,15,79,46,1,25
23,Wickett,65.5,1182.9875,70,172,20,71,6,14,91,60,0,29
23,Wickett,67.5,1236.6375,77,129,26,85,6,14,91,64,0,17
23,Wickett,69.5,1290.2875,100,125,16,77,8,13,95,57,3,26
23,Wickett,71.5,1343.9375,83,123,25,107,7,10,92,57,0,24
23,Wickett,73.5,1397.5875,86,133,20,89,8,10,109,58,1,19
23,Wickett,75.5,1487.6785,102,129,16,81,9,12,103,60,0,24
23,Wickett,77.5,1589.8925,97,123,15,92,11,12,95,53,1,23
23,Wickett,79.5,1692.1065,114,124,9,73,6,11,91,51,1,26
23,Wickett,81.5,1794.3205,86,116,18,105,6,17,101,63,0,24
23,Wickett,83.5,1896.5345,100,97,9,79,12,12,107,67,1,34
23,Wickett,85.5,1998.7485,114,72,5,93,6,12,82,98,1,24
23,Wickett,87.5,2100.9625,79,74,6,101,9,15,106,101,2,21
23,Wickett,89.5,2203.1765,89,81,20,86,5,19,117,84,0,18
23,Wickett,91.5,2305.3905,102,91,6,76,11,8,119,74,2,29
23,Wickett,93.5,2407.6045,126,90,5,67,12,18,98,105,1,33
23,Wickett,95.5,2509.8185,68,72,8,95,9,19,124,92,1,28
23,Wickett,97.5,2612.0325,96,60,7,90,14,18,119,109,1,30
23,Wickett,99.5,2714.2465,106,80,6,55,5,11,136,108,1,17
23,Wickett,101.5,2816.4605,112,61,5,37,12,15,135,116,0,21
23,Wickett,103.5,2918.6745,84,68,4,30,9,17,162,127,1,26
23,Wickett,105.5,3020.8885,60,79,7,25,10,20,156,136,0,25
23,Wickett,107.5,3123.1025,60,61,2,34,11,13,177,142,1,37
23,Wickett,109.5,3225.3165,80,60,4,21,18,13,173,109,1,33
